address_id,street_address,postal_city,state,zip,year_built,units,use_code,use_description,source_dataset,retrieved_at,legal_city,legal_city_source,legal_city_geoid,county,county_geoid,zip_geocoded,lat,lon,geocode_match,units_min,units_max,units_source,provenance
A0001,6238 DE LONGPRE AVE,Los Angeles,CA,90028,1927,32,0500,Five or more apartments,LA County eGIS parcels,2026-10-01T22:50Z,"Los Angeles, CA",census_batch,0644000,Los Angeles County,06037,90028,34.096133031379,-118.324865073863,Match:Exact,32,32,supplied,supplied
A0002,1031-1035 CLINTON ST,Hoboken,NJ,07030,2001,,4C,6B-20U-G,NJOGIS Parcels & MOD-IV Composite,2026-10-01T22:50Z,"Hoboken, NJ",census_batch,3432250,Hudson County,34017,07030,40.74981078208,-74.03181724923,Match:Non_Exact,20,20,use_code,supplied
A0003,876-878 S 14TH ST,Newark,NJ,11219,,,4C,4SB,NJOGIS Parcels & MOD-IV Composite,2026-10-01T22:50Z,"Newark, NJ",census_batch,3451000,Essex County,34013,07108,40.724856764464,-74.210426110952,Match:Non_Exact,5,,use_code,supplied
A0004,10050 MOUNTAIR AVE,Los Angeles,CA,91042,1964,39,0500,Five or more apartments,LA County eGIS parcels,2026-10-01T22:50Z,"Los Angeles, CA",census_batch,0644000,Los Angeles County,06037,91042,34.251842346844,-118.293109199528,Match:Non_Exact,39,39,supplied,supplied
A0005,1609 ADDISON ST,Berkeley,CA,94703,,,7700,Alameda County use code (5+ units),Alameda County parcels,2026-10-01T22:50Z,"Berkeley, CA",census_batch,0606000,Alameda County,06001,94703,37.869830696926,-122.279293972449,Match:Exact,5,,use_code,supplied
A0006,69-71 WESTLAND AV,Boston,MA,02115,1900,,A/125,SUBSD HOUSING S- 8,Boston Property Assessment FY2026,2026-10-01T22:50Z,"Boston, MA",census_batch,2507000,Suffolk County,25025,02115,42.343794186875,-71.08876547331,Match:Non_Exact,,,unknown,supplied
A0007,4257 SAN PEDRO PL,Los Angeles,CA,90011,1913,6,0500,Five or more apartments,LA County eGIS parcels,2026-10-01T22:50Z,"Los Angeles, CA",census_batch,0644000,Los Angeles County,06037,90011,34.006235579229,-118.271165204282,Match:Exact,6,6,supplied,supplied
A0008,1065 SUMMIT AVENUE,Jersey City,NJ,78746,,,4C,10S-B-A-151U-HE,NJOGIS Parcels & MOD-IV Composite,2026-10-01T22:50Z,"Jersey City, NJ",census_batch,3436000,Hudson County,34017,07307,40.751069898526,-74.049026204465,Match:Non_Exact,151,151,use_code,supplied
A0009,322-322.5 Western Ave,Cambridge,MA,,1915,6,111,4-8-UNIT-APT,Cambridge Property Database FY2026 (waa7-ibdu),2026-10-01T22:50Z,"Cambridge, MA",postal_fallback,2507000,Suffolk County,25025,02163,42.364216771469,-71.11828649689,Tie:oneline_places_differ,6,6,supplied,supplied
A0010,134 Oxford St,Cambridge,MA,,1915,6,111,4-8-UNIT-APT,Cambridge Property Database FY2026 (waa7-ibdu),2026-10-01T22:50Z,"Cambridge, MA",census_batch,2511000,Middlesex County,25017,02140,42.385333082376,-71.1160583909,Match:Exact,6,6,supplied,supplied
A0011,834-836 RAYMOND BLVD,Newark,NJ,08805,,,4C,3S.F.,NJOGIS Parcels & MOD-IV Composite,2026-10-01T22:50Z,"Newark, NJ",census_batch,3451000,Essex County,34013,07105,40.732646449965,-74.156177797252,Match:Non_Exact,5,,use_code,supplied
A0012,1064 SUMMIT AVE.,Jersey City,NJ,07728,1900,,4C,3S-F-D-6U,NJOGIS Parcels & MOD-IV Composite,2026-10-01T22:50Z,"Jersey City, NJ",census_batch,3436000,Hudson County,34017,07307,40.751188750138,-74.048775549263,Match:Non_Exact,6,6,use_code,supplied
A0013,137 N 11TH ST,Newark,NJ,07107,,,4C,3SF,NJOGIS Parcels & MOD-IV Composite,2026-10-01T22:50Z,"Newark, NJ",census_batch,3451000,Essex County,34013,07107,40.759893850085,-74.191694841632,Match:Exact,5,,use_code,supplied
A0014,5907 CAHUENGA BLVD,Los Angeles,CA,91601,1947,7,0500,Five or more apartments,LA County eGIS parcels,2026-10-01T22:50Z,"Los Angeles, CA",census_batch,0644000,Los Angeles County,06037,91601,34.177801731811,-118.361636078081,Match:Non_Exact,7,7,supplied,supplied
A0015,15 Everett St,Cambridge,MA,,1930,83,112,>8-UNIT-APT,Cambridge Property Database FY2026 (waa7-ibdu),2026-10-01T22:50Z,"Cambridge, MA",census_batch,2511000,Middlesex County,25017,02138,42.379980886163,-71.118720021347,Match:Exact,83,83,supplied,supplied
A0016,3515 FILLMORE ST,San Francisco,CA,,1926,21,A15,Apartment 15 Units or more,DataSF wv5m-vpq2 (2025 roll),2026-10-01T22:50Z,"San Francisco, CA",census_batch,0667000,San Francisco County,06075,94123,37.801874337429,-122.436684852142,Match:Exact,21,21,supplied,supplied
A0017,225 DUNCAN AVE.,Jersey City,NJ,10949,,,4C,3S-F-D-6U-NH,NJOGIS Parcels & MOD-IV Composite,2026-10-01T22:50Z,"Jersey City, NJ",census_batch,3436000,Hudson County,34017,07306,40.7277629714,-74.079234576768,Match:Non_Exact,6,6,use_code,supplied
A0018,1906 BONITA AVE,Berkeley,CA,94704,,,7200,Alameda County use code (5+ units),Alameda County parcels,2026-10-01T22:50Z,"Berkeley, CA",census_batch,0606000,Alameda County,06001,94704,37.873088577747,-122.272116073506,Match:Exact,5,,use_code,supplied
A0019,3820 HAINES ST,San Diego,CA,92109,,16,15,SANDAG asr_landuse 14-16 (5+ units),SANDAG/SanGIS parcels,2026-10-01T22:50Z,"San Diego, CA",census_batch,0666000,San Diego County,06073,92109,32.788734586305,-117.239511773112,Match:Exact,16,16,supplied,supplied
A0020,646-648 N 6TH ST,Newark,NJ,07083,,,4C,Apartments (class 4C),NJOGIS Parcels & MOD-IV Composite,2026-10-01T22:50Z,"Newark, NJ",census_batch,3451000,Essex County,34013,07107,40.771224225449,-74.180587460657,Match:Non_Exact,5,,use_code,supplied
A0021,22 PRECITA AV,San Francisco,CA,,1963,6,A5,Apartment 5 to 14 Units,DataSF wv5m-vpq2 (2025 roll),2026-10-01T22:50Z,"San Francisco, CA",census_batch,0667000,San Francisco County,06075,94110,37.746697199975,-122.418913690663,Match:Exact,6,6,supplied,supplied
A0022,10908 HARTSOOK ST,Los Angeles,CA,91601,2012,5,0500,Five or more apartments,LA County eGIS parcels,2026-10-01T22:50Z,"Los Angeles, CA",census_batch,0644000,Los Angeles County,06037,91601,34.163485706471,-118.368312978253,Match:Non_Exact,5,5,supplied,supplied
A0023,843 IROLO ST,Los Angeles,CA,90005,1987,33,0500,Five or more apartments,LA County eGIS parcels,2026-10-01T22:50Z,"Los Angeles, CA",census_batch,0644000,Los Angeles County,06037,90005,34.0569182313,-118.300958567015,Match:Exact,33,33,supplied,supplied
A0024,227 Charles St,Cambridge,MA,,1920,6,111,4-8-UNIT-APT,Cambridge Property Database FY2026 (waa7-ibdu),2026-10-01T22:50Z,"Cambridge, MA",census_batch,2511000,Middlesex County,25017,02141,42.368207474124,-71.084850671785,Match:Exact,6,6,supplied,supplied
A0025,2341 8TH ST,Berkeley,CA,94710,,,7700,Alameda County use code (5+ units),Alameda County parcels,2026-10-01T22:50Z,"Berkeley, CA",census_batch,0606000,Alameda County,06001,94710,37.863231048622,-122.293815269518,Match:Exact,5,,use_code,supplied
A0026,59 OAK ST.,Jersey City,NJ,07306,1901,,4C,4S-B-D-8U-NH,NJOGIS Parcels & MOD-IV Composite,2026-10-01T22:50Z,"Jersey City, NJ",census_batch,3436000,Hudson County,34017,07304,40.713718828723,-74.076996657496,Match:Non_Exact,8,8,use_code,supplied
A0027,3918 FULTON ST,San Francisco,CA,,1923,6,A5,Apartment 5 to 14 Units,DataSF wv5m-vpq2 (2025 roll),2026-10-01T22:50Z,"San Francisco, CA",census_batch,0667000,San Francisco County,06075,94118,37.773108534668,-122.473684296131,Match:Exact,6,6,supplied,supplied
A0028,585 5TH ST,Newark,NJ,07107,,,4C,3SF3UG,NJOGIS Parcels & MOD-IV Composite,2026-10-01T22:50Z,"Newark, NJ",census_batch,3451000,Essex County,34013,07107,40.768516151715,-74.180832847404,Match:Non_Exact,5,,use_code,supplied
A0029,280-284 VERONA AVE,Newark,NJ,07653,,,4C,4SB,NJOGIS Parcels & MOD-IV Composite,2026-10-01T22:50Z,"Newark, NJ",census_batch,3451000,Essex County,34013,07104,40.78286229736,-74.166168698177,Match:Non_Exact,5,,use_code,supplied
A0030,2051 DIVISADERO ST,San Francisco,CA,,1908,5,FS5,Flat & Store 5 to 14 units,DataSF wv5m-vpq2 (2025 roll),2026-10-01T22:50Z,"San Francisco, CA",census_batch,0667000,San Francisco County,06075,94115,37.788524403095,-122.440651886856,Match:Exact,5,5,supplied,supplied
A0031,5624 S SAN PEDRO ST,Los Angeles,CA,90011,1911,5,0500,Five or more apartments,LA County eGIS parcels,2026-10-01T22:50Z,"Los Angeles, CA",census_batch,0644000,Los Angeles County,06037,90011,33.991312087929,-118.270046050706,Match:Exact,5,5,supplied,supplied
A0032,63 OAK ST.,Jersey City,NJ,08820,,,4C,4S-B-D-8U-NH,NJOGIS Parcels & MOD-IV Composite,2026-10-01T22:50Z,"Jersey City, NJ",census_batch,3436000,Hudson County,34017,07304,40.7137999274,-74.077148779124,Match:Non_Exact,8,8,use_code,supplied
A0033,1260 KEARNY ST,San Francisco,CA,,1910,5,A5,Apartment 5 to 14 Units,DataSF wv5m-vpq2 (2025 roll),2026-10-01T22:50Z,"San Francisco, CA",census_batch,0667000,San Francisco County,06075,94133,37.79964889858,-122.405709002561,Match:Exact,5,5,supplied,supplied
A0034,25 Gore St,Cambridge,MA,,1886,6,111,4-8-UNIT-APT,Cambridge Property Database FY2026 (waa7-ibdu),2026-10-01T22:50Z,"Cambridge, MA",census_batch,2511000,Middlesex County,25017,02141,42.371703436562,-71.079128226997,Match:Exact,6,6,supplied,supplied
A0035,5239 HARMONY AVE,Los Angeles,CA,91601,1997,14,0500,Five or more apartments,LA County eGIS parcels,2026-10-01T22:50Z,"Los Angeles, CA",census_batch,0644000,Los Angeles County,06037,91601,34.165618179362,-118.366516457468,Match:Non_Exact,14,14,supplied,supplied
A0036,33 WARD ST,South Boston,MA,02127,2019,,A/112,APT 7-30 UNITS,Boston Property Assessment FY2026,2026-10-01T22:50Z,"Boston, MA",census_batch,2507000,Suffolk County,25025,02127,42.32946722555,-71.054524489253,Match:Exact,7,30,use_code,supplied
A0037,770 IROLO ST,Los Angeles,CA,90005,2001,47,0500,Five or more apartments,LA County eGIS parcels,2026-10-01T22:50Z,"Los Angeles, CA",census_batch,0644000,Los Angeles County,06037,90005,34.058302827517,-118.300824624602,Match:Exact,47,47,supplied,supplied
A0038,154 YUKON ST,San Francisco,CA,,1908,5,A5,Apartment 5 to 14 Units,DataSF wv5m-vpq2 (2025 roll),2026-10-01T22:50Z,"San Francisco, CA",census_batch,0667000,San Francisco County,06075,94114,37.757178828285,-122.442397125228,Match:Exact,5,5,supplied,supplied
A0039,1 Craigie St,Cambridge,MA,,1910,32,112,>8-UNIT-APT,Cambridge Property Database FY2026 (waa7-ibdu),2026-10-01T22:50Z,"Cambridge, MA",census_batch,2511000,Middlesex County,25017,02138,42.379449621711,-71.125838882455,Match:Exact,32,32,supplied,supplied
A0040,69-75 JACKSON ST,Hoboken,NJ,07030,,,4C,3B-7U/4B-24U-G,NJOGIS Parcels & MOD-IV Composite,2026-10-01T22:50Z,"Hoboken, NJ",census_batch,3432250,Hudson County,34017,07030,40.738840718117,-74.041089522043,Match:Non_Exact,7,7,use_code,supplied
A0041,122 TIFFANY AV,San Francisco,CA,,1900,15,A5,Apartment 5 to 14 Units,DataSF wv5m-vpq2 (2025 roll),2026-10-01T22:50Z,"San Francisco, CA",census_batch,0667000,San Francisco County,06075,94110,37.744990908268,-122.421406384884,Match:Exact,15,15,supplied,supplied
A0042,320 FORREST ST.,Jersey City,NJ,07304,1912,,4C,2S-B-A-6U,NJOGIS Parcels & MOD-IV Composite,2026-10-01T22:50Z,"Jersey City, NJ",census_batch,3436000,Hudson County,34017,07304,40.713202456168,-74.077362139063,Match:Exact,6,6,use_code,supplied
A0043,4 Orchard St,Cambridge,MA,,1920,6,111,4-8-UNIT-APT,Cambridge Property Database FY2026 (waa7-ibdu),2026-10-01T22:50Z,"Cambridge, MA",census_batch,2511000,Middlesex County,25017,02140,42.390119763731,-71.119075629483,Match:Exact,6,6,supplied,supplied
A0044,773-775 SANDFORD AVE,Newark,NJ,11211,,,4C,3SB,NJOGIS Parcels & MOD-IV Composite,2026-10-01T22:50Z,"Newark, NJ",census_batch,3451000,Essex County,34013,07106,40.735737050359,-74.237036956138,Match:Non_Exact,5,,use_code,supplied
A0045,12829 BRANFORD ST,Los Angeles,CA,91331,1987,65,0501,Five or more apartments,LA County eGIS parcels,2026-10-01T22:50Z,"Los Angeles, CA",census_batch,0644000,Los Angeles County,06037,91331,34.241771886514,-118.41212012105,Match:Non_Exact,65,65,supplied,supplied
A0046,8-12 Soden St,Cambridge,MA,,1975,44,112,>8-UNIT-APT,Cambridge Property Database FY2026 (waa7-ibdu),2026-10-01T22:50Z,"Cambridge, MA",census_batch,2511000,Middlesex County,25017,02139,42.365690566108,-71.108340513884,Match:Non_Exact,44,44,supplied,supplied
A0047,14 RUTGERS AVE.,Jersey City,NJ,07304,1913,,4C,3S-B-D-6U-H,NJOGIS Parcels & MOD-IV Composite,2026-10-01T22:50Z,"Jersey City, NJ",census_batch,3436000,Hudson County,34017,07305,40.698116647571,-74.090865859165,Match:Non_Exact,6,6,use_code,supplied
A0048,1619 COMMONWEALTH AV,Brighton,MA,02135,1899,,A/112,APT 7-30 UNITS,Boston Property Assessment FY2026,2026-10-01T22:50Z,"Boston, MA",census_batch,2507000,Suffolk County,25025,02135,42.343402761946,-71.143549067491,Match:Exact,7,30,use_code,supplied
A0049,721 CLINTON ST,Hoboken,NJ,07856,,,4C,3S-6U-AFFORDABL,NJOGIS Parcels & MOD-IV Composite,2026-10-01T22:50Z,"Hoboken, NJ",census_batch,3432250,Hudson County,34017,07030,40.745798808889,-74.033058218101,Match:Non_Exact,6,6,use_code,supplied
A0050,36 HOFF ST,San Francisco,CA,,1986,49,A15,Apartment 15 Units or more,DataSF wv5m-vpq2 (2025 roll),2026-10-01T22:50Z,"San Francisco, CA",census_batch,0667000,San Francisco County,06075,94110,37.764124413322,-122.420573521471,Match:Exact,49,49,supplied,supplied
A0051,65 OAKLAND AVE.,Jersey City,NJ,07423,,,4C,3S+BT-F-6U,NJOGIS Parcels & MOD-IV Composite,2026-10-01T22:50Z,"Jersey City, NJ",census_batch,3436000,Hudson County,34017,07306,40.734681117954,-74.055436604985,Match:Non_Exact,6,6,use_code,supplied
A0052,88 Gardner ST,Allston,MA,02134,1965,,A/112,APT 7-30 UNITS,Boston Property Assessment FY2026,2026-10-01T22:50Z,"Boston, MA",census_batch,2507000,Suffolk County,25025,02134,42.353518237841,-71.125813095903,Match:Exact,7,30,use_code,supplied
A0053,32 Garrison ST,Boston,MA,02116,1990,,A/120,LUXURY APARTMENT,Boston Property Assessment FY2026,2026-10-01T22:50Z,"Boston, MA",census_batch,2507000,Suffolk County,25025,02116,42.345890982312,-71.07944707371,Match:Exact,,,unknown,supplied
A0054,13 Shetland ST,Roxbury,MA,02119,2020,,A/112,APT 7-30 UNITS,Boston Property Assessment FY2026,2026-10-01T22:50Z,"Boston, MA",census_batch,2507000,Suffolk County,25025,02119,42.324986499476,-71.068028337557,Match:Exact,7,30,use_code,supplied
A0055,305 10TH AV,San Francisco,CA,,1963,6,A5,Apartment 5 to 14 Units,DataSF wv5m-vpq2 (2025 roll),2026-10-01T22:50Z,"San Francisco, CA",census_batch,0667000,San Francisco County,06075,94118,37.782619210817,-122.46876702789,Match:Exact,6,6,supplied,supplied
A0056,41-43 Edgerly RD,Boston,MA,02115,1920,,A/112,APT 7-30 UNITS,Boston Property Assessment FY2026,2026-10-01T22:50Z,"Boston, MA",census_batch,2507000,Suffolk County,25025,02115,42.345644184192,-71.087947355571,Match:Non_Exact,7,30,use_code,supplied
A0057,57 STONE ST,Newark,NJ,07012,,,4C,4SB,NJOGIS Parcels & MOD-IV Composite,2026-10-01T22:50Z,"Newark, NJ",census_batch,3451000,Essex County,34013,07104,40.753432421375,-74.174377039669,Match:Non_Exact,5,,use_code,supplied
A0058,3137 BOSTON AVE,San Diego,CA,92113,,7,14,SANDAG asr_landuse 14-16 (5+ units),SANDAG/SanGIS parcels,2026-10-01T22:50Z,"San Diego, CA",census_batch,0666000,San Diego County,06073,92113,32.693817730505,-117.126888325341,Match:Exact,7,7,supplied,supplied
A0059,84-86 WALNUT ST,Newark,NJ,07078,,,4C,1SCB,NJOGIS Parcels & MOD-IV Composite,2026-10-01T22:50Z,"Newark, NJ",census_batch,3451000,Essex County,34013,07102,40.729215526845,-74.170855709577,Match:Non_Exact,5,,use_code,supplied
A0060,5737 WILLOWCREST AVE,Los Angeles,CA,91601,1962,8,0500,Five or more apartments,LA County eGIS parcels,2026-10-01T22:50Z,"Los Angeles, CA",census_batch,0644000,Los Angeles County,06037,91601,34.174656039346,-118.362720761505,Match:Non_Exact,8,8,supplied,supplied
A0061,106 18TH AV,San Francisco,CA,,1915,5,A5,Apartment 5 to 14 Units,DataSF wv5m-vpq2 (2025 roll),2026-10-01T22:50Z,"San Francisco, CA",census_batch,0667000,San Francisco County,06075,94121,37.785919313984,-122.477559726965,Match:Exact,5,5,supplied,supplied
A0062,77 HOFF ST,San Francisco,CA,,1906,6,A5,Apartment 5 to 14 Units,DataSF wv5m-vpq2 (2025 roll),2026-10-01T22:50Z,"San Francisco, CA",census_batch,0667000,San Francisco County,06075,94110,37.763766231452,-122.420395727367,Match:Exact,6,6,supplied,supplied
A0063,11 Cortes ST,Boston,MA,02116,1899,,A/112,APT 7-30 UNITS,Boston Property Assessment FY2026,2026-10-01T22:50Z,"Boston, MA",census_batch,2507000,Suffolk County,25025,02116,42.348290028212,-71.069583391995,Match:Exact,7,30,use_code,supplied
A0064,24-26 Concord Ave,Cambridge,MA,,1890,84,112,>8-UNIT-APT,Cambridge Property Database FY2026 (waa7-ibdu),2026-10-01T22:50Z,"Cambridge, MA",census_batch,2511000,Middlesex County,25017,02138,42.379416219968,-71.125842851741,Match:Non_Exact,84,84,supplied,supplied
A0065,63 Bailey ST,Dorchester,MA,02124,,,A/120,LUXURY APARTMENT,Boston Property Assessment FY2026,2026-10-01T22:50Z,"Boston, MA",census_batch,2507000,Suffolk County,25025,02124,42.284452236737,-71.066465126331,Match:Exact,,,unknown,supplied
A0066,1318 N ORANGE DR,Los Angeles,CA,90028,1988,36,0500,Five or more apartments,LA County eGIS parcels,2026-10-01T22:50Z,"Los Angeles, CA",census_batch,0644000,Los Angeles County,06037,90028,34.0947022093,-118.341484249454,Match:Exact,36,36,supplied,supplied
A0067,1335 N VISTA ST,Los Angeles,CA,90046,1954,8,0500,Five or more apartments,LA County eGIS parcels,2026-10-01T22:50Z,"Los Angeles, CA",census_batch,0644000,Los Angeles County,06037,90046,34.095045778052,-118.351799391859,Match:Exact,8,8,supplied,supplied
A0068,40-42 Clearway ST,Boston,MA,02115,1920,,A/112,APT 7-30 UNITS,Boston Property Assessment FY2026,2026-10-01T22:50Z,"Boston, MA",census_batch,2507000,Suffolk County,25025,02115,42.345336985524,-71.085769499369,Match:Non_Exact,7,30,use_code,supplied
A0069,2277 UNION ST,San Francisco,CA,,1900,7,FS5,Flat & Store 5 to 14 units,DataSF wv5m-vpq2 (2025 roll),2026-10-01T22:50Z,"San Francisco, CA",census_batch,0667000,San Francisco County,06075,94123,37.796874616444,-122.436717035924,Match:Exact,7,7,supplied,supplied
A0070,43 Fayette St,Cambridge,MA,,1910,7,111,4-8-UNIT-APT,Cambridge Property Database FY2026 (waa7-ibdu),2026-10-01T22:50Z,"Cambridge, MA",census_batch,2511000,Middlesex County,25017,02139,42.372611705618,-71.103267573782,Match:Exact,7,7,supplied,supplied
A0071,14.5-16 Vandine St,Cambridge,MA,,1900,5,111,4-8-UNIT-APT,Cambridge Property Database FY2026 (waa7-ibdu),2026-10-01T22:50Z,"Cambridge, MA",census_batch,2511000,Middlesex County,25017,02141,42.368814396347,-71.0905953379,Match:Non_Exact,5,5,supplied,supplied
A0072,1251 10TH AV,San Francisco,CA,,1973,6,A5,Apartment 5 to 14 Units,DataSF wv5m-vpq2 (2025 roll),2026-10-01T22:50Z,"San Francisco, CA",census_batch,0667000,San Francisco County,06075,94122,37.764890627041,-122.467520089918,Match:Exact,6,6,supplied,supplied
A0073,35-37 Inman St,Cambridge,MA,,1900,6,111,4-8-UNIT-APT,Cambridge Property Database FY2026 (waa7-ibdu),2026-10-01T22:50Z,"Cambridge, MA",census_batch,2511000,Middlesex County,25017,02139,42.368713915313,-71.103956176776,Match:Non_Exact,6,6,supplied,supplied
A0074,717 S BERENDO ST,Los Angeles,CA,90005,1963,34,0500,Five or more apartments,LA County eGIS parcels,2026-10-01T22:50Z,"Los Angeles, CA",census_batch,0644000,Los Angeles County,06037,90005,34.059391478589,-118.294210099909,Match:Exact,34,34,supplied,supplied
A0075,27 Everett St,Cambridge,MA,,1880,10,112,>8-UNIT-APT,Cambridge Property Database FY2026 (waa7-ibdu),2026-10-01T22:50Z,"Cambridge, MA",census_batch,2511000,Middlesex County,25017,02138,42.379922700614,-71.117508170008,Match:Exact,10,10,supplied,supplied
A0076,304 E KINNEY ST,Newark,NJ,07033,,,4C,3SB2UG,NJOGIS Parcels & MOD-IV Composite,2026-10-01T22:50Z,"Newark, NJ",census_batch,3451000,Essex County,34013,07105,40.724076460199,-74.162836470045,Match:Non_Exact,5,,use_code,supplied
A0077,91 Brookline St,Cambridge,MA,,1902,6,111,4-8-UNIT-APT,Cambridge Property Database FY2026 (waa7-ibdu),2026-10-01T22:50Z,"Cambridge, MA",census_batch,2511000,Middlesex County,25017,02139,42.361566486333,-71.103733351887,Match:Exact,6,6,supplied,supplied
A0078,115 BAYVIEW AVE.,Jersey City,NJ,07304,,,4C,4S-B-A-16U-H,NJOGIS Parcels & MOD-IV Composite,2026-10-01T22:50Z,"Jersey City, NJ",census_batch,3436000,Hudson County,34017,07305,40.705324743987,-74.080499166258,Match:Non_Exact,16,16,use_code,supplied
A0079,2361 PORTLAND ST,Los Angeles,CA,90007,1912,9,0500,Five or more apartments,LA County eGIS parcels,2026-10-01T22:50Z,"Los Angeles, CA",census_batch,0644000,Los Angeles County,06037,90007,34.032231820463,-118.282094130957,Match:Exact,9,9,supplied,supplied
A0080,690 S CATALINA ST,Los Angeles,CA,90005,2002,90,0500,Five or more apartments,LA County eGIS parcels,2026-10-01T22:50Z,"Los Angeles, CA",census_batch,0644000,Los Angeles County,06037,90005,34.060127849082,-118.295327996925,Match:Exact,90,90,supplied,supplied
A0081,145 TAYLOR ST,San Francisco,CA,,2005,69,A15,Apartment 15 Units or more,DataSF wv5m-vpq2 (2025 roll),2026-10-01T22:50Z,"San Francisco, CA",census_batch,0667000,San Francisco County,06075,94102,37.783758897294,-122.410947938983,Match:Exact,69,69,supplied,supplied
A0082,63 Inman St,Cambridge,MA,,1880,16,112,>8-UNIT-APT,Cambridge Property Database FY2026 (waa7-ibdu),2026-10-01T22:50Z,"Cambridge, MA",census_batch,2511000,Middlesex County,25017,02139,42.370344257321,-71.102833387558,Match:Exact,16,16,supplied,supplied
A0083,38 KENILWORTH ST,Roxbury,MA,02119,1890,,A/125,SUBSD HOUSING S- 8,Boston Property Assessment FY2026,2026-10-01T22:50Z,"Boston, MA",census_batch,2507000,Suffolk County,25025,02119,42.328651609512,-71.087424612529,Match:Exact,,,unknown,supplied
A0084,1725 CHESTNUT ST,San Francisco,CA,,1908,5,A5,Apartment 5 to 14 Units,DataSF wv5m-vpq2 (2025 roll),2026-10-01T22:50Z,"San Francisco, CA",census_batch,0667000,San Francisco County,06075,94123,37.801332618559,-122.431739349227,Match:Exact,5,5,supplied,supplied
A0085,1101 CHURCH ST,San Francisco,CA,,1926,6,A5,Apartment 5 to 14 Units,DataSF wv5m-vpq2 (2025 roll),2026-10-01T22:50Z,"San Francisco, CA",census_batch,0667000,San Francisco County,06075,94114,37.753239144697,-122.427505338235,Match:Exact,6,6,supplied,supplied
A0086,67 Plymouth St,Cambridge,MA,,1837,5,111,4-8-UNIT-APT,Cambridge Property Database FY2026 (waa7-ibdu),2026-10-01T22:50Z,"Cambridge, MA",census_batch,2511000,Middlesex County,25017,02141,42.369083221693,-71.093495991755,Match:Exact,5,5,supplied,supplied
A0087,323 BLOOMFIELD ST,Hoboken,NJ,07504,,,4C,"2,4B-16U-H-X",NJOGIS Parcels & MOD-IV Composite,2026-10-01T22:50Z,"Hoboken, NJ",census_batch,3432250,Hudson County,34017,07030,40.740414697817,-74.030768159948,Match:Non_Exact,16,16,use_code,supplied
A0088,201 CLEMENT ST,San Francisco,CA,,1908,9,FS5,Flat & Store 5 to 14 units,DataSF wv5m-vpq2 (2025 roll),2026-10-01T22:50Z,"San Francisco, CA",census_batch,0667000,San Francisco County,06075,94118,37.783026502307,-122.461275217487,Match:Exact,9,9,supplied,supplied
A0089,935 PARK AVE,Hoboken,NJ,07030,,,4C,5B-10U-H-BA,NJOGIS Parcels & MOD-IV Composite,2026-10-01T22:50Z,"Hoboken, NJ",census_batch,3432250,Hudson County,34017,07030,40.748211954503,-74.030368120288,Match:Exact,10,10,use_code,supplied
A0090,30 JACKSON ST,Newark,NJ,07105,,,4C,3S.F.,NJOGIS Parcels & MOD-IV Composite,2026-10-01T22:50Z,"Newark, NJ",census_batch,3451000,Essex County,34013,07105,40.731204856376,-74.155787524567,Match:Exact,5,,use_code,supplied
A0091,2229 DWIGHT WAY,Berkeley,CA,94704,,,7700,Alameda County use code (5+ units),Alameda County parcels,2026-10-01T22:50Z,"Berkeley, CA",census_batch,0606000,Alameda County,06001,94704,37.864405329327,-122.264605312198,Match:Exact,5,,use_code,supplied
A0092,2514 PIEDMONT AVE,Berkeley,CA,94704,,,7700,Alameda County use code (5+ units),Alameda County parcels,2026-10-01T22:50Z,"Berkeley, CA",census_batch,0606000,Alameda County,06001,94704,37.865583367618,-122.251697248224,Match:Exact,5,,use_code,supplied
A0093,90 BICKFORD ST,Jamaica Plain,MA,02130,2004,,A/118,ELDERLY HOME,Boston Property Assessment FY2026,2026-10-01T22:50Z,"Boston, MA",census_batch,2507000,Suffolk County,25025,02130,42.324002818423,-71.101924371068,Match:Exact,,,unknown,supplied
A0094,1371 27TH ST,San Diego,CA,92154,,88,16,SANDAG asr_landuse 14-16 (5+ units),SANDAG/SanGIS parcels,2026-10-01T22:50Z,"San Diego, CA",census_batch,0666000,San Diego County,06073,92154,32.571862077109,-117.075371141803,Match:Exact,88,88,supplied,supplied
A0095,23 Elm St,Cambridge,MA,,1900,6,111,4-8-UNIT-APT,Cambridge Property Database FY2026 (waa7-ibdu),2026-10-01T22:50Z,"Cambridge, MA",census_batch,2511000,Middlesex County,25017,02139,42.367845841037,-71.098495150944,Match:Exact,6,6,supplied,supplied
A0096,81 WESTLAND AV,Boston,MA,02115,1910,,A/125,SUBSD HOUSING S- 8,Boston Property Assessment FY2026,2026-10-01T22:50Z,"Boston, MA",census_batch,2507000,Suffolk County,25025,02115,42.343854353427,-71.089157903457,Match:Exact,,,unknown,supplied
A0097,1560 MASON ST,San Francisco,CA,,1907,8,FS5,Flat & Store 5 to 14 units,DataSF wv5m-vpq2 (2025 roll),2026-10-01T22:50Z,"San Francisco, CA",census_batch,0667000,San Francisco County,06075,94133,37.79780463687,-122.411949673166,Match:Exact,8,8,supplied,supplied
A0098,WILLOWWOOD ST,Dorchester,MA,02124,,,A/125,SUBSD HOUSING S- 8,Boston Property Assessment FY2026,2026-10-01T22:50Z,"Boston, MA",postal_fallback,,,,,,,No_Match,,,unknown,supplied
A0099,822 WASHINGTON ST,Hoboken,NJ,07458,,,4C,4B-5U-H-BA,NJOGIS Parcels & MOD-IV Composite,2026-10-01T22:50Z,"Hoboken, NJ",census_batch,3432250,Hudson County,34017,07030,40.746308514721,-74.028270964888,Match:Non_Exact,5,5,use_code,supplied
A0100,4732 BANCROFT ST,San Diego,CA,92116,,7,14,SANDAG asr_landuse 14-16 (5+ units),SANDAG/SanGIS parcels,2026-10-01T22:50Z,"San Diego, CA",census_batch,0666000,San Diego County,06073,92116,32.764095185337,-117.123977567896,Match:Exact,7,7,supplied,supplied
A0101,315-319 FAIRMOUNT AVENUE,Jersey City,NJ,07039,,,4C,2-4S-B-A-26U-H,NJOGIS Parcels & MOD-IV Composite,2026-10-01T22:50Z,"Jersey City, NJ",census_batch,3436000,Hudson County,34017,07306,40.725229747686,-74.070809872433,Match:Non_Exact,26,26,use_code,supplied
A0102,124 BLOOMFIELD ST,Hoboken,NJ,10003,,,4C,4B-5U-H-BA,NJOGIS Parcels & MOD-IV Composite,2026-10-01T22:50Z,"Hoboken, NJ",census_batch,3432250,Hudson County,34017,07030,40.737933172158,-74.031684861444,Match:Non_Exact,5,5,use_code,supplied
A0103,2161 ALLSTON WAY,Berkeley,CA,94704,,,7700,Alameda County use code (5+ units),Alameda County parcels,2026-10-01T22:50Z,"Berkeley, CA",census_batch,0606000,Alameda County,06001,94704,37.869701586713,-122.266218694007,Match:Exact,5,,use_code,supplied
A0104,409 5TH ST,Newark,NJ,07012,,,4C,3SB,NJOGIS Parcels & MOD-IV Composite,2026-10-01T22:50Z,"Newark, NJ",census_batch,3451000,Essex County,34013,07107,40.761814283797,-74.184328525177,Match:Non_Exact,5,,use_code,supplied
A0105,140 PORTOLA DR,San Francisco,CA,,2019,7,A5,Apartment 5 to 14 Units,DataSF wv5m-vpq2 (2025 roll),2026-10-01T22:50Z,"San Francisco, CA",census_batch,0667000,San Francisco County,06075,94131,37.748652213279,-122.444191229026,Match:Exact,7,7,supplied,supplied
A0106,250 FREMONT ST,San Francisco,CA,,,60,A15,Apartment 15 Units or more,DataSF wv5m-vpq2 (2025 roll),2026-10-01T22:50Z,"San Francisco, CA",census_batch,0667000,San Francisco County,06075,94105,37.788294915739,-122.394074444911,Match:Exact,60,60,supplied,supplied
A0107,10635 SHERMAN GROVE AVE,Los Angeles,CA,91040,1978,20,0500,Five or more apartments,LA County eGIS parcels,2026-10-01T22:50Z,"Los Angeles, CA",census_batch,0644000,Los Angeles County,06037,91040,34.262255890509,-118.32017657606,Match:Non_Exact,20,20,supplied,supplied
A0108,13 JEFFERSON AVE.,Jersey City,NJ,07030,,,4C,3S-B-D-6U-H,NJOGIS Parcels & MOD-IV Composite,2026-10-01T22:50Z,"Jersey City, NJ",census_batch,3436000,Hudson County,34017,07306,40.736287315576,-74.049970012264,Match:Non_Exact,6,6,use_code,supplied
A0109,2922 OTIS ST,Berkeley,CA,94703,,,7700,Alameda County use code (5+ units),Alameda County parcels,2026-10-01T22:50Z,"Berkeley, CA",census_batch,0606000,Alameda County,06001,94703,37.8558347046,-122.270269918923,Match:Exact,5,,use_code,supplied
A0110,130-132 2ND AVE,Newark,NJ,07055,,,4C,3SF,NJOGIS Parcels & MOD-IV Composite,2026-10-01T22:50Z,"Newark, NJ",census_batch,3451000,Essex County,34013,07104,40.763265479466,-74.174745021871,Match:Non_Exact,5,,use_code,supplied
A0111,10075 TUJUNGA CANYON BLVD,Los Angeles,CA,91042,1984,40,0500,Five or more apartments,LA County eGIS parcels,2026-10-01T22:50Z,"Los Angeles, CA",census_batch,0644000,Los Angeles County,06037,91042,34.249924250911,-118.284430355327,Match:Non_Exact,40,40,supplied,supplied
A0112,448 BRODERICK ST,San Francisco,CA,,1905,9,A5,Apartment 5 to 14 Units,DataSF wv5m-vpq2 (2025 roll),2026-10-01T22:50Z,"San Francisco, CA",census_batch,0667000,San Francisco County,06075,94117,37.77431322716,-122.439298239317,Match:Exact,9,9,supplied,supplied
A0113,3151 ETON AVE,Berkeley,CA,94705,,,7700,Alameda County use code (5+ units),Alameda County parcels,2026-10-01T22:50Z,"Berkeley, CA",census_batch,0606000,Alameda County,06001,94705,37.853156920269,-122.250637537308,Match:Exact,5,,use_code,supplied
A0114,3743 INDIA ST,San Diego,CA,92103,,6,14,SANDAG asr_landuse 14-16 (5+ units),SANDAG/SanGIS parcels,2026-10-01T22:50Z,"San Diego, CA",census_batch,0666000,San Diego County,06073,92103,32.74279009558,-117.180736253153,Match:Exact,6,6,supplied,supplied
A0115,397 05TH AV,San Francisco,CA,,1900,6,FS5,Flat & Store 5 to 14 units,DataSF wv5m-vpq2 (2025 roll),2026-10-01T22:50Z,"San Francisco, CA",census_oneline,0667000,San Francisco County,06075,94118,37.78123618708,-122.46329611176,Match:oneline,6,6,supplied,supplied
A0116,36 PROSPECT ST.,Jersey City,NJ,07111,1923,,4C,3S-F-D-6U-H,NJOGIS Parcels & MOD-IV Composite,2026-10-01T22:50Z,"Jersey City, NJ",census_batch,3436000,Hudson County,34017,07307,40.73782973401,-74.049245065733,Match:Non_Exact,6,6,use_code,supplied
A0117,1733 N CHEROKEE AVE,Los Angeles,CA,90028,1924,40,0500,Five or more apartments,LA County eGIS parcels,2026-10-01T22:50Z,"Los Angeles, CA",census_batch,0644000,Los Angeles County,06037,90028,34.102120911287,-118.334821278665,Match:Exact,40,40,supplied,supplied
A0118,18-34 KINGBIRD RD,Dorchester,MA,02124,2009,,A/125,SUBSD HOUSING S- 8,Boston Property Assessment FY2026,2026-10-01T22:50Z,"Boston, MA",census_batch,2507000,Suffolk County,25025,02124,42.292350464404,-71.093533488467,Match:Non_Exact,,,unknown,supplied
A0119,607 ADAMS ST,Hoboken,NJ,07030,,,4C,2F-4U/2F-2U,NJOGIS Parcels & MOD-IV Composite,2026-10-01T22:50Z,"Hoboken, NJ",census_batch,3432250,Hudson County,34017,07030,40.744671445285,-74.035368051004,Match:Exact,4,4,use_code,supplied
A0120,139 ELM ST,Newark,NJ,07105,,,4C,3SF,NJOGIS Parcels & MOD-IV Composite,2026-10-01T22:50Z,"Newark, NJ",census_batch,3451000,Essex County,34013,07105,40.72835234588,-74.165047104124,Match:Exact,5,,use_code,supplied
A0121,4079 FRONT ST,San Diego,CA,92103,,22,15,SANDAG asr_landuse 14-16 (5+ units),SANDAG/SanGIS parcels,2026-10-01T22:50Z,"San Diego, CA",census_batch,0666000,San Diego County,06073,92103,32.751421595306,-117.16494526813,Match:Exact,22,22,supplied,supplied
A0122,4812 S BROADWAY,Los Angeles,CA,90037,1909,8,0500,Five or more apartments,LA County eGIS parcels,2026-10-01T22:50Z,"Los Angeles, CA",census_batch,0644000,Los Angeles County,06037,90037,33.999020066962,-118.278252342985,Match:Exact,8,8,supplied,supplied
A0123,123 Condor ST,East Boston,MA,02128,2013,,A/125,SUBSD HOUSING S- 8,Boston Property Assessment FY2026,2026-10-01T22:50Z,"Boston, MA",census_batch,2507000,Suffolk County,25025,02128,42.382539410028,-71.035437146913,Match:Exact,,,unknown,supplied
A0124,33-35 Brookline St,Cambridge,MA,,1929,16,112,>8-UNIT-APT,Cambridge Property Database FY2026 (waa7-ibdu),2026-10-01T22:50Z,"Cambridge, MA",census_batch,2511000,Middlesex County,25017,02139,42.362941773312,-71.102457805365,Match:Non_Exact,16,16,supplied,supplied
A0125,227 GRAND ST,Hoboken,NJ,07030,,,4C,5B-5U-H-(CO-OP),NJOGIS Parcels & MOD-IV Composite,2026-10-01T22:50Z,"Hoboken, NJ",census_batch,3432250,Hudson County,34017,07030,40.740020460669,-74.035814894303,Match:Exact,5,5,use_code,supplied
A0126,1350 POTRERO AV,San Francisco,CA,,1927,8,A5,Apartment 5 to 14 Units,DataSF wv5m-vpq2 (2025 roll),2026-10-01T22:50Z,"San Francisco, CA",census_batch,0667000,San Francisco County,06075,94110,37.750954392609,-122.406250403098,Match:Exact,8,8,supplied,supplied
A0127,10029 SEPULVEDA BLVD,Los Angeles,CA,91345,1964,5,050C,Five or more apartments,LA County eGIS parcels,2026-10-01T22:50Z,"Los Angeles, CA",census_batch,0644000,Los Angeles County,06037,91345,34.252367056179,-118.467596873721,Match:Non_Exact,5,5,supplied,supplied
A0128,Harvard ST,Dorchester,MA,02124,,,A/125,SUBSD HOUSING S- 8,Boston Property Assessment FY2026,2026-10-01T22:50Z,"Boston, MA",postal_fallback,,,,,,,No_Match,,,unknown,supplied
A0129,526-532 MULBERRY ST,Newark,NJ,07039,,,4C,3SB1UG,NJOGIS Parcels & MOD-IV Composite,2026-10-01T22:50Z,"Newark, NJ",census_batch,3451000,Essex County,34013,07114,40.719764997574,-74.176858130312,Match:Non_Exact,5,,use_code,supplied
A0130,554 MARKET ST,Newark,NJ,07205,,,4C,3S.B.,NJOGIS Parcels & MOD-IV Composite,2026-10-01T22:50Z,"Newark, NJ",census_batch,3451000,Essex County,34013,07105,40.731588087906,-74.154426811823,Match:Non_Exact,5,,use_code,supplied
A0131,43 POPLAR ST.,Jersey City,NJ,07307,1900,,4C,3S-F-D-6U,NJOGIS Parcels & MOD-IV Composite,2026-10-01T22:50Z,"Jersey City, NJ",census_batch,3436000,Hudson County,34017,07307,40.754136146986,-74.046101194189,Match:Exact,6,6,use_code,supplied
A0132,587 N 6TH ST,Newark,NJ,11205,,,4C,3SB,NJOGIS Parcels & MOD-IV Composite,2026-10-01T22:50Z,"Newark, NJ",census_batch,3451000,Essex County,34013,07107,40.76934816412,-74.181410596224,Match:Non_Exact,5,,use_code,supplied
A0133,8819 LANKERSHIM BLVD,Los Angeles,CA,91352,1956,6,0500,Five or more apartments,LA County eGIS parcels,2026-10-01T22:50Z,"Los Angeles, CA",census_batch,0644000,Los Angeles County,06037,91352,34.229428423859,-118.387834588124,Match:Non_Exact,6,6,supplied,supplied
A0134,101 Norfolk ST,Dorchester,MA,02124,1899,,A/125,SUBSD HOUSING S- 8,Boston Property Assessment FY2026,2026-10-01T22:50Z,"Boston, MA",census_batch,2507000,Suffolk County,25025,02124,42.288488914986,-71.076008765993,Match:Exact,,,unknown,supplied
A0135,843 CLAY ST,San Francisco,CA,,1908,29,A15,Apartment 15 Units or more,DataSF wv5m-vpq2 (2025 roll),2026-10-01T22:50Z,"San Francisco, CA",census_batch,0667000,San Francisco County,06075,94108,37.794118952125,-122.40698604858,Match:Exact,29,29,supplied,supplied
A0136,920 HUDSON ST,Hoboken,NJ,07030,,,4C,5B-26U-H-CO-OP,NJOGIS Parcels & MOD-IV Composite,2026-10-01T22:50Z,"Hoboken, NJ",census_batch,3432250,Hudson County,34017,07030,40.747367988246,-74.026733524669,Match:Exact,26,26,use_code,supplied
A0137,65-71 NORFLOK ST,Newark,NJ,07003,,,4C,3SF5UG,NJOGIS Parcels & MOD-IV Composite,2026-10-01T22:50Z,"Newark, NJ",census_batch,3451000,Essex County,34013,07103,40.74650540714,-74.182685493475,Match:Non_Exact,5,,use_code,supplied
A0138,1033 E 51ST ST,Los Angeles,CA,90011,1959,5,0500,Five or more apartments,LA County eGIS parcels,2026-10-01T22:50Z,"Los Angeles, CA",census_batch,0644000,Los Angeles County,06037,90011,33.996685074769,-118.257577562794,Match:Exact,5,5,supplied,supplied
A0139,54 STUYVESANT AVE.,Jersey City,NJ,07042,1910,,4C,3S-F-5U-NH,NJOGIS Parcels & MOD-IV Composite,2026-10-01T22:50Z,"Jersey City, NJ",census_batch,3436000,Hudson County,34017,07306,40.729943720291,-74.071034378592,Match:Non_Exact,5,5,use_code,supplied
A0140,459 BEACON ST,Boston,MA,02115,1910,,A/112,APT 7-30 UNITS,Boston Property Assessment FY2026,2026-10-01T22:50Z,"Boston, MA",census_batch,2507000,Suffolk County,25025,02115,42.351156189935,-71.088098655836,Match:Exact,7,30,use_code,supplied
A0141,2601 43RD AV,San Francisco,CA,,1974,8,A5,Apartment 5 to 14 Units,DataSF wv5m-vpq2 (2025 roll),2026-10-01T22:50Z,"San Francisco, CA",census_batch,0667000,San Francisco County,06075,94116,37.73813158911,-122.501210314083,Match:Exact,8,8,supplied,supplied
A0142,4615 AVALON BLVD,Los Angeles,CA,90011,1957,8,0500,Five or more apartments,LA County eGIS parcels,2026-10-01T22:50Z,"Los Angeles, CA",census_batch,0644000,Los Angeles County,06037,90011,34.001426079007,-118.265290530936,Match:Exact,8,8,supplied,supplied
A0143,75 ELM HILL AV,Dorchester,MA,02121,,,A/125,SUBSD HOUSING S- 8,Boston Property Assessment FY2026,2026-10-01T22:50Z,"Boston, MA",census_batch,2507000,Suffolk County,25025,02121,42.310212727666,-71.087061380822,Match:Exact,,,unknown,supplied
A0144,112-114 Amory ST,Roxbury,MA,02119,1910,,A/112,APT 7-30 UNITS,Boston Property Assessment FY2026,2026-10-01T22:50Z,"Boston, MA",census_batch,2507000,Suffolk County,25025,02119,42.319506233426,-71.100197786289,Match:Non_Exact,7,30,use_code,supplied
A0145,4515 FELTON ST,San Diego,CA,92116,,8,14,SANDAG asr_landuse 14-16 (5+ units),SANDAG/SanGIS parcels,2026-10-01T22:50Z,"San Diego, CA",census_batch,0666000,San Diego County,06073,92116,32.759371284084,-117.121714561521,Match:Exact,8,8,supplied,supplied
A0146,93-95 HAWKINS ST,Newark,NJ,07105,,,4C,2SF3UG,NJOGIS Parcels & MOD-IV Composite,2026-10-01T22:50Z,"Newark, NJ",census_batch,3451000,Essex County,34013,07105,40.727984681112,-74.138947612797,Match:Exact,5,,use_code,supplied
A0147,2850 GOLDEN GATE AV,San Francisco,CA,,1900,5,A5,Apartment 5 to 14 Units,DataSF wv5m-vpq2 (2025 roll),2026-10-01T22:50Z,"San Francisco, CA",census_batch,0667000,San Francisco County,06075,94118,37.776358944957,-122.457612633148,Match:Exact,5,5,supplied,supplied
A0148,162-166 5TH ST,Newark,NJ,07105,,,4C,2.5SF,NJOGIS Parcels & MOD-IV Composite,2026-10-01T22:50Z,"Newark, NJ",census_batch,3451000,Essex County,34013,07107,40.751386045226,-74.190058099169,Match:Non_Exact,5,,use_code,supplied
A0149,25 Everett ST,East Boston,MA,02128,2023,,A/120,LUXURY APARTMENT,Boston Property Assessment FY2026,2026-10-01T22:50Z,"Boston, MA",census_batch,2507000,Suffolk County,25025,02128,42.368309769533,-71.036711056222,Match:Exact,,,unknown,supplied
A0150,3784 E BROADWAY,San Diego,CA,92102,,9,14,SANDAG asr_landuse 14-16 (5+ units),SANDAG/SanGIS parcels,2026-10-01T22:50Z,"San Diego, CA",census_batch,0666000,San Diego County,06073,92102,32.716024799043,-117.11184048031,Match:Non_Exact,9,9,supplied,supplied
A0151,16 Queensberry ST,Boston,MA,02215,1899,,A/112,APT 7-30 UNITS,Boston Property Assessment FY2026,2026-10-01T22:50Z,"Boston, MA",census_batch,2507000,Suffolk County,25025,02215,42.343098317562,-71.095965021374,Match:Exact,7,30,use_code,supplied
A0152,1669 SUNSET CLIFFS BLVD,San Diego,CA,92107,,12,14,SANDAG asr_landuse 14-16 (5+ units),SANDAG/SanGIS parcels,2026-10-01T22:50Z,"San Diego, CA",census_batch,0666000,San Diego County,06073,92107,32.74094590948,-117.25076493005,Match:Exact,12,12,supplied,supplied
A0153,366 E 55TH ST,Los Angeles,CA,90011,1924,9,0500,Five or more apartments,LA County eGIS parcels,2026-10-01T22:50Z,"Los Angeles, CA",census_batch,0644000,Los Angeles County,06037,90011,33.992394354537,-118.268297439622,Match:Exact,9,9,supplied,supplied
A0154,4568 IDAHO ST,San Diego,CA,92116,,8,14,SANDAG asr_landuse 14-16 (5+ units),SANDAG/SanGIS parcels,2026-10-01T22:50Z,"San Diego, CA",census_batch,0666000,San Diego County,06073,92116,32.760412374063,-117.133977948208,Match:Exact,8,8,supplied,supplied
A0155,473 Harvard ST,Dorchester,MA,02124,,,A/125,SUBSD HOUSING S- 8,Boston Property Assessment FY2026,2026-10-01T22:50Z,"Boston, MA",census_batch,2507000,Suffolk County,25025,02124,42.288741879366,-71.09239312943,Match:Exact,,,unknown,supplied
A0156,290 GREEN ST,San Francisco,CA,,1927,9,A5,Apartment 5 to 14 Units,DataSF wv5m-vpq2 (2025 roll),2026-10-01T22:50Z,"San Francisco, CA",census_oneline,0667000,San Francisco County,06075,94111,37.80031526334,-122.402990211203,Match:oneline,9,9,supplied,supplied
A0157,2701 RIDGE RD,Berkeley,CA,94709,,,7700,Alameda County use code (5+ units),Alameda County parcels,2026-10-01T22:50Z,"Berkeley, CA",census_batch,0606000,Alameda County,06001,94709,37.876494513292,-122.257026606732,Match:Exact,5,,use_code,supplied
A0158,2522 HILGARD AVE,Berkeley,CA,94709,,,7700,Alameda County use code (5+ units),Alameda County parcels,2026-10-01T22:50Z,"Berkeley, CA",census_batch,0606000,Alameda County,06001,94709,37.878591221585,-122.260493108118,Match:Exact,5,,use_code,supplied
A0159,104 SUNSET AVE,Newark,NJ,11211,,,4C,3SF,NJOGIS Parcels & MOD-IV Composite,2026-10-01T22:50Z,"Newark, NJ",census_batch,3451000,Essex County,34013,07106,40.74245866913,-74.226709353047,Match:Non_Exact,5,,use_code,supplied
A0160,86 CHARLES ST.,Jersey City,NJ,07642,1918,,4C,3S-B-A-22U,NJOGIS Parcels & MOD-IV Composite,2026-10-01T22:50Z,"Jersey City, NJ",census_batch,3436000,Hudson County,34017,07307,40.749433761671,-74.05173810144,Match:Non_Exact,22,22,use_code,supplied
A0161,317 UNION ST.,Jersey City,NJ,07013,1930,,4C,4S-B-A-21U-H,NJOGIS Parcels & MOD-IV Composite,2026-10-01T22:50Z,"Jersey City, NJ",census_batch,3436000,Hudson County,34017,07304,40.717916452711,-74.083091056543,Match:Non_Exact,21,21,use_code,supplied
A0162,1640 N POINSETTIA PL,Los Angeles,CA,90046,1987,24,0500,Five or more apartments,LA County eGIS parcels,2026-10-01T22:50Z,"Los Angeles, CA",census_batch,0644000,Los Angeles County,06037,90046,34.100552498586,-118.347788965715,Match:Exact,24,24,supplied,supplied
A0163,233-235 SECOND ST.,Jersey City,NJ,07042,1870,,4C,3&4S-B&F-14U,NJOGIS Parcels & MOD-IV Composite,2026-10-01T22:50Z,"Jersey City, NJ",census_batch,3436000,Hudson County,34017,07302,40.722395074274,-74.043552476848,Match:Non_Exact,14,14,use_code,supplied
A0164,725 14TH ST,San Francisco,CA,,1911,6,A5,Apartment 5 to 14 Units,DataSF wv5m-vpq2 (2025 roll),2026-10-01T22:50Z,"San Francisco, CA",census_batch,0667000,San Francisco County,06075,94114,37.76763837901,-122.42951948205,Match:Exact,6,6,supplied,supplied
A0165,734 JAMAICA CT,San Diego,CA,92109,,8,14,SANDAG asr_landuse 14-16 (5+ units),SANDAG/SanGIS parcels,2026-10-01T22:50Z,"San Diego, CA",census_batch,0666000,San Diego County,06073,92109,32.773642646317,-117.252245356556,Match:Exact,8,8,supplied,supplied
A0166,1 Potter Pk,Cambridge,MA,,1900,5,111,4-8-UNIT-APT,Cambridge Property Database FY2026 (waa7-ibdu),2026-10-01T22:50Z,"Cambridge, MA",census_batch,2511000,Middlesex County,25017,02138,42.384310248934,-71.12020099261,Match:Exact,5,5,supplied,supplied
A0167,4616 FLORIDA ST,San Diego,CA,92116,,20,15,SANDAG asr_landuse 14-16 (5+ units),SANDAG/SanGIS parcels,2026-10-01T22:50Z,"San Diego, CA",census_batch,0666000,San Diego County,06073,92116,32.76124264042,-117.143850889032,Match:Exact,20,20,supplied,supplied
A0168,600 JACKSON/601 HARRISON,Hoboken,NJ,07030,2007,,4C,5B-64U/5B-64U-G,NJOGIS Parcels & MOD-IV Composite,2026-10-01T22:50Z,"Hoboken, NJ",census_oneline,3432250,Hudson County,34017,07030,40.745283626731,-74.039281685445,Match:oneline,64,64,use_code,supplied
A0169,115 KILSYTH RD,Brighton,MA,02135,1920,,A/112,APT 7-30 UNITS,Boston Property Assessment FY2026,2026-10-01T22:50Z,"Boston, MA",census_batch,2507000,Suffolk County,25025,02135,42.340367940381,-71.146633078674,Match:Exact,7,30,use_code,supplied
A0170,8917 CEDROS AVE,Los Angeles,CA,91402,1990,32,0500,Five or more apartments,LA County eGIS parcels,2026-10-01T22:50Z,"Los Angeles, CA",census_batch,0644000,Los Angeles County,06037,91402,34.232064015614,-118.453618335394,Match:Non_Exact,32,32,supplied,supplied
A0171,127 OGDEN AVE.,Jersey City,NJ,07660,1910,,4C,3S-B-D-7U-NH,NJOGIS Parcels & MOD-IV Composite,2026-10-01T22:50Z,"Jersey City, NJ",census_batch,3436000,Hudson County,34017,07307,40.738902438048,-74.04663280324,Match:Non_Exact,7,7,use_code,supplied
A0172,8504 WILLIS AVE,Los Angeles,CA,91402,1960,33,0500,Five or more apartments,LA County eGIS parcels,2026-10-01T22:50Z,"Los Angeles, CA",census_batch,0644000,Los Angeles County,06037,91402,34.224850838975,-118.455218605953,Match:Non_Exact,33,33,supplied,supplied
A0173,13180 FOOTHILL BLVD,Los Angeles,CA,91342,1937,9,0500,Five or more apartments,LA County eGIS parcels,2026-10-01T22:50Z,"Los Angeles, CA",census_batch,0644000,Los Angeles County,06037,91342,34.299371281369,-118.421538456805,Match:Non_Exact,9,9,supplied,supplied
A0174,84 Hampshire St,Cambridge,MA,,1900,19,112,>8-UNIT-APT,Cambridge Property Database FY2026 (waa7-ibdu),2026-10-01T22:50Z,"Cambridge, MA",census_batch,2511000,Middlesex County,25017,02139,42.368359091009,-71.0943940217,Match:Exact,19,19,supplied,supplied
A0175,10 Dover St,Cambridge,MA,,1922,6,111,4-8-UNIT-APT,Cambridge Property Database FY2026 (waa7-ibdu),2026-10-01T22:50Z,"Cambridge, MA",census_batch,2511000,Middlesex County,25017,02140,42.394678131873,-71.126686968537,Match:Exact,6,6,supplied,supplied
A0176,15 Chester St,Cambridge,MA,,1965,29,112,>8-UNIT-APT,Cambridge Property Database FY2026 (waa7-ibdu),2026-10-01T22:50Z,"Cambridge, MA",census_batch,2511000,Middlesex County,25017,02140,42.393657148181,-71.124477534158,Match:Exact,29,29,supplied,supplied
A0177,166 HIGHLAND AVE.,Jersey City,NJ,11201,1912,,4C,3S-F-D-6U-NH,NJOGIS Parcels & MOD-IV Composite,2026-10-01T22:50Z,"Jersey City, NJ",census_batch,3436000,Hudson County,34017,07306,40.729583045817,-74.073105945172,Match:Non_Exact,6,6,use_code,supplied
A0178,5308 RIVERTON AVE,Los Angeles,CA,91601,1961,7,0500,Five or more apartments,LA County eGIS parcels,2026-10-01T22:50Z,"Los Angeles, CA",census_batch,0644000,Los Angeles County,06037,91601,34.166828679585,-118.365290745355,Match:Non_Exact,7,7,supplied,supplied
A0179,7006 LANEWOOD AVE,Los Angeles,CA,90028,1958,18,0500,Five or more apartments,LA County eGIS parcels,2026-10-01T22:50Z,"Los Angeles, CA",census_batch,0644000,Los Angeles County,06037,90028,34.09915207252,-118.341635208217,Match:Exact,18,18,supplied,supplied
A0180,845 S KINGSLEY DR,Los Angeles,CA,90005,1990,33,0500,Five or more apartments,LA County eGIS parcels,2026-10-01T22:50Z,"Los Angeles, CA",census_batch,0644000,Los Angeles County,06037,90005,34.056870603736,-118.303137913263,Match:Exact,33,33,supplied,supplied
A0181,931 GARDEN ST,Hoboken,NJ,07030,,,4C,5B-10U-BA,NJOGIS Parcels & MOD-IV Composite,2026-10-01T22:50Z,"Hoboken, NJ",census_batch,3432250,Hudson County,34017,07030,40.748003289428,-74.029444711794,Match:Exact,10,10,use_code,supplied
A0182,911-923 CLINTON ST,Hoboken,NJ,07030,,,4C,"2,5B-90U-H-BA",NJOGIS Parcels & MOD-IV Composite,2026-10-01T22:50Z,"Hoboken, NJ",census_batch,3432250,Hudson County,34017,07030,40.748382853996,-74.032259129478,Match:Non_Exact,90,90,use_code,supplied
A0183,2427 HILGARD AVE,Berkeley,CA,94709,,,7700,Alameda County use code (5+ units),Alameda County parcels,2026-10-01T22:50Z,"Berkeley, CA",census_batch,0606000,Alameda County,06001,94709,37.87845544308,-122.262349376787,Match:Exact,5,,use_code,supplied
A0184,156 W 32ND ST,Los Angeles,CA,90007,1907,16,0500,Five or more apartments,LA County eGIS parcels,2026-10-01T22:50Z,"Los Angeles, CA",census_batch,0644000,Los Angeles County,06037,90007,34.020782218595,-118.273514783778,Match:Exact,16,16,supplied,supplied
A0185,154 TERHUNE AVE.,Jersey City,NJ,07103,1922,,4C,3S-F-D-6U-NH,NJOGIS Parcels & MOD-IV Composite,2026-10-01T22:50Z,"Jersey City, NJ",census_batch,3436000,Hudson County,34017,07305,40.705096415554,-74.096225420442,Match:Non_Exact,6,6,use_code,supplied
A0186,107 BEACON AVE.,Jersey City,NJ,07306,,,4C,3S-F-D-5U-NH,NJOGIS Parcels & MOD-IV Composite,2026-10-01T22:50Z,"Jersey City, NJ",census_batch,3436000,Hudson County,34017,07306,40.736920404507,-74.054827866989,Match:Exact,5,5,use_code,supplied
A0187,146 CARLTON AVE.,Jersey City,NJ,07423,1925,,4C,3S-F-D-6U-NH,NJOGIS Parcels & MOD-IV Composite,2026-10-01T22:50Z,"Jersey City, NJ",census_batch,3436000,Hudson County,34017,07306,40.744920038222,-74.060798217241,Match:Non_Exact,6,6,use_code,supplied
A0188,2819 MCGEE AVE,Berkeley,CA,94703,,,7700,Alameda County use code (5+ units),Alameda County parcels,2026-10-01T22:50Z,"Berkeley, CA",census_batch,0606000,Alameda County,06001,94703,37.856959944236,-122.275258218951,Match:Exact,5,,use_code,supplied
A0189,1811 CARLETON ST,Berkeley,CA,94703,,,7200,Alameda County use code (5+ units),Alameda County parcels,2026-10-01T22:50Z,"Berkeley, CA",census_batch,0606000,Alameda County,06001,94703,37.860487333983,-122.273498335777,Match:Exact,5,,use_code,supplied
A0190,283 ADAMS ST,Newark,NJ,07105,,,4C,3SB,NJOGIS Parcels & MOD-IV Composite,2026-10-01T22:50Z,"Newark, NJ",census_batch,3451000,Essex County,34013,07105,40.722831839974,-74.16236498265,Match:Exact,5,,use_code,supplied
A0191,60 Kirkland St,Cambridge,MA,,1891,6,111,4-8-UNIT-APT,Cambridge Property Database FY2026 (waa7-ibdu),2026-10-01T22:50Z,"Cambridge, MA",census_batch,2511000,Middlesex County,25017,02138,42.377309547812,-71.110680713996,Match:Exact,6,6,supplied,supplied
A0192,780 POST ST,San Francisco,CA,,1916,36,A15,Apartment 15 Units or more,DataSF wv5m-vpq2 (2025 roll),2026-10-01T22:50Z,"San Francisco, CA",census_batch,0667000,San Francisco County,06075,94109,37.787554937568,-122.414659903737,Match:Exact,36,36,supplied,supplied
A0193,1626 BONITA AVE,Berkeley,CA,94709,,,7700,Alameda County use code (5+ units),Alameda County parcels,2026-10-01T22:50Z,"Berkeley, CA",census_batch,0606000,Alameda County,06001,94709,37.877436210953,-122.272592199936,Match:Exact,5,,use_code,supplied
A0194,72 Burbank ST,Boston,MA,02115,2022,,A/125,SUBSD HOUSING S- 8,Boston Property Assessment FY2026,2026-10-01T22:50Z,"Boston, MA",census_batch,2507000,Suffolk County,25025,02115,42.34449244891,-71.08932121797,Match:Exact,,,unknown,supplied
A0195,1850-1848 COMMONWEALTH AV,Brighton,MA,02135,1910,,A/112,APT 7-30 UNITS,Boston Property Assessment FY2026,2026-10-01T22:50Z,"Boston, MA",census_batch,2507000,Suffolk County,25025,02135,42.339062553814,-71.152111420394,Match:Non_Exact,7,30,use_code,supplied
A0196,16915 BLACKHAWK ST,Los Angeles,CA,91344,1962,30,0501,Five or more apartments,LA County eGIS parcels,2026-10-01T22:50Z,"Los Angeles, CA",census_batch,0644000,Los Angeles County,06037,91344,34.258955182522,-118.500920253647,Match:Non_Exact,30,30,supplied,supplied
A0197,1611 62ND ST,Berkeley,CA,94703,,,7200,Alameda County use code (5+ units),Alameda County parcels,2026-10-01T22:50Z,"Berkeley, CA",census_batch,0606000,Alameda County,06001,94703,37.846527054842,-122.274812039507,Match:Exact,5,,use_code,supplied
A0198,194 Havre ST,East Boston,MA,02128,2019,,A/112,APT 7-30 UNITS,Boston Property Assessment FY2026,2026-10-01T22:50Z,"Boston, MA",census_batch,2507000,Suffolk County,25025,02128,42.374496794147,-71.036497835188,Match:Exact,7,30,use_code,supplied
A0199,42 Bay State Rd,Cambridge,MA,,2012,5,111,4-8-UNIT-APT,Cambridge Property Database FY2026 (waa7-ibdu),2026-10-01T22:50Z,"Cambridge, MA",census_batch,2511000,Middlesex County,25017,02138,42.387191106272,-71.140083871382,Match:Exact,5,5,supplied,supplied
A0200,1853 N HIGHLAND AVE,Los Angeles,CA,90028,,5,0500,Five or more apartments,LA County eGIS parcels,2026-10-01T22:50Z,"Los Angeles, CA",census_batch,0644000,Los Angeles County,06037,90028,34.105004287023,-118.337549044749,Match:Exact,5,5,supplied,supplied
A0201,2737 BENVENUE AVE,Berkeley,CA,94705,,,7700,Alameda County use code (5+ units),Alameda County parcels,2026-10-01T22:50Z,"Berkeley, CA",census_batch,0606000,Alameda County,06001,94705,37.861084663474,-122.25463879726,Match:Exact,5,,use_code,supplied
A0202,1446 JACKSON ST,San Francisco,CA,,1907,6,A5,Apartment 5 to 14 Units,DataSF wv5m-vpq2 (2025 roll),2026-10-01T22:50Z,"San Francisco, CA",census_batch,0667000,San Francisco County,06075,94109,37.794522791984,-122.41889836579,Match:Exact,6,6,supplied,supplied
A0203,2986-2930 Washington ST,Roxbury,MA,02119,2002,,A/125,SUBSD HOUSING S- 8,Boston Property Assessment FY2026,2026-10-01T22:50Z,"Boston, MA",census_batch,2507000,Suffolk County,25025,02119,42.31845754666,-71.095569636405,Match:Non_Exact,,,unknown,supplied
A0204,202-208 6TH AVE W,Newark,NJ,08736,,,4C,3SB,NJOGIS Parcels & MOD-IV Composite,2026-10-01T22:50Z,"Newark, NJ",census_batch,3451000,Essex County,34013,07107,40.756210023298,-74.186173040995,Match:Non_Exact,5,,use_code,supplied
A0205,2425 GRANT ST,Berkeley,CA,94703,,,7700,Alameda County use code (5+ units),Alameda County parcels,2026-10-01T22:50Z,"Berkeley, CA",census_batch,0606000,Alameda County,06001,94703,37.864419418207,-122.274486388915,Match:Exact,5,,use_code,supplied
A0206,401 43RD AV,San Francisco,CA,,1929,21,A15,Apartment 15 Units or more,DataSF wv5m-vpq2 (2025 roll),2026-10-01T22:50Z,"San Francisco, CA",census_batch,0667000,San Francisco County,06075,94121,37.78106651207,-122.504228232138,Match:Exact,21,21,supplied,supplied
A0207,705 W 23RD ST,Los Angeles,CA,90007,1901,10,0500,Five or more apartments,LA County eGIS parcels,2026-10-01T22:50Z,"Los Angeles, CA",census_batch,0644000,Los Angeles County,06037,90007,34.032030548439,-118.276733095547,Match:Exact,10,10,supplied,supplied
A0208,126 ADAMS ST,Hoboken,NJ,07604,,,4C,4B-8U,NJOGIS Parcels & MOD-IV Composite,2026-10-01T22:50Z,"Hoboken, NJ",census_batch,3432250,Hudson County,34017,07030,40.738937251272,-74.037275318111,Match:Non_Exact,8,8,use_code,supplied
A0209,19 Trowbridge St,Cambridge,MA,,1910,6,111,4-8-UNIT-APT,Cambridge Property Database FY2026 (waa7-ibdu),2026-10-01T22:50Z,"Cambridge, MA",census_batch,2511000,Middlesex County,25017,02138,42.371041072612,-71.11237412069,Match:Exact,6,6,supplied,supplied
A0210,1432 N CURSON AVE,Los Angeles,CA,90046,2016,9,0500,Five or more apartments,LA County eGIS parcels,2026-10-01T22:50Z,"Los Angeles, CA",census_batch,0644000,Los Angeles County,06037,90046,34.096815880701,-118.354938535163,Match:Exact,9,9,supplied,supplied
A0211,499 BEACON ST,Boston,MA,02215,1899,,A/112,APT 7-30 UNITS,Boston Property Assessment FY2026,2026-10-01T22:50Z,"Boston, MA",census_batch,2507000,Suffolk County,25025,02215,42.350692439566,-71.089845858115,Match:Exact,7,30,use_code,supplied
A0212,1311 SOUTH VAN NESS AV,San Francisco,CA,,1900,5,A5,Apartment 5 to 14 Units,DataSF wv5m-vpq2 (2025 roll),2026-10-01T22:50Z,"San Francisco, CA",census_batch,0667000,San Francisco County,06075,94110,37.752168513331,-122.4161731875,Match:Exact,5,5,supplied,supplied
A0213,11649 ACAMA ST,Los Angeles,CA,91604,1986,7,0500,Five or more apartments,LA County eGIS parcels,2026-10-01T22:50Z,"Los Angeles, CA",census_batch,0644000,Los Angeles County,06037,91604,34.145584078078,-118.386856598286,Match:Non_Exact,7,7,supplied,supplied
A0214,358 Harvard St,Cambridge,MA,,1900,6,111,4-8-UNIT-APT,Cambridge Property Database FY2026 (waa7-ibdu),2026-10-01T22:50Z,"Cambridge, MA",census_batch,2511000,Middlesex County,25017,02138,42.371082219474,-71.110911398922,Match:Exact,6,6,supplied,supplied
A0215,2295 CALIFORNIA ST,San Francisco,CA,,1924,21,A15,Apartment 15 Units or more,DataSF wv5m-vpq2 (2025 roll),2026-10-01T22:50Z,"San Francisco, CA",census_batch,0667000,San Francisco County,06075,94115,37.789075325053,-122.432052589153,Match:Exact,21,21,supplied,supplied
A0216,2309 HASTE ST,Berkeley,CA,94704,,,7700,Alameda County use code (5+ units),Alameda County parcels,2026-10-01T22:50Z,"Berkeley, CA",census_batch,0606000,Alameda County,06001,94704,37.865531910644,-122.262957356662,Match:Exact,5,,use_code,supplied
A0217,170-172 Maverick ST,East Boston,MA,02128,2011,,A/125,SUBSD HOUSING S- 8,Boston Property Assessment FY2026,2026-10-01T22:50Z,"Boston, MA",census_batch,2507000,Suffolk County,25025,02128,42.369519627611,-71.037362951665,Match:Non_Exact,,,unknown,supplied
A0218,15 Richdale Ave,Cambridge,MA,,1910,46,112,>8-UNIT-APT,Cambridge Property Database FY2026 (waa7-ibdu),2026-10-01T22:50Z,"Cambridge, MA",census_batch,2511000,Middlesex County,25017,02140,42.388324409245,-71.121620396425,Match:Exact,46,46,supplied,supplied
A0219,3735 32ND ST,San Diego,CA,92104,,8,14,SANDAG asr_landuse 14-16 (5+ units),SANDAG/SanGIS parcels,2026-10-01T22:50Z,"San Diego, CA",census_batch,0666000,San Diego County,06073,92104,32.746245203063,-117.124937736826,Match:Exact,8,8,supplied,supplied
A0220,21-23 Faulkner ST,Dorchester,MA,02122,1900,,A/125,SUBSD HOUSING S- 8,Boston Property Assessment FY2026,2026-10-01T22:50Z,"Boston, MA",census_batch,2507000,Suffolk County,25025,02122,42.29951865269,-71.061535322591,Match:Non_Exact,,,unknown,supplied
A0221,191 Park DR,Boston,MA,02215,1910,,A/112,APT 7-30 UNITS,Boston Property Assessment FY2026,2026-10-01T22:50Z,"Boston, MA",census_batch,2507000,Suffolk County,25025,02215,42.341033010088,-71.100162328229,Match:Exact,7,30,use_code,supplied
A0222,1901 VALLEJO ST,San Francisco,CA,,1960,8,A5,Apartment 5 to 14 Units,DataSF wv5m-vpq2 (2025 roll),2026-10-01T22:50Z,"San Francisco, CA",census_batch,0667000,San Francisco County,06075,94123,37.795996387914,-122.428597910742,Match:Exact,8,8,supplied,supplied
A0223,504 COURT ST,Hoboken,NJ,07030,,,4C,4B-5U-H-BA,NJOGIS Parcels & MOD-IV Composite,2026-10-01T22:50Z,"Hoboken, NJ",census_batch,3432250,Hudson County,34017,07030,40.742214718476,-74.028940035026,Match:Exact,5,5,use_code,supplied
A0224,8727 TOBIAS AVE,Los Angeles,CA,91402,1960,13,0500,Five or more apartments,LA County eGIS parcels,2026-10-01T22:50Z,"Los Angeles, CA",census_batch,0644000,Los Angeles County,06037,91402,34.228507480493,-118.451718756162,Match:Non_Exact,13,13,supplied,supplied
A0225,1627 JACKSON ST,San Francisco,CA,,1913,9,A5,Apartment 5 to 14 Units,DataSF wv5m-vpq2 (2025 roll),2026-10-01T22:50Z,"San Francisco, CA",census_batch,0667000,San Francisco County,06075,94109,37.794030087633,-122.421842293682,Match:Exact,9,9,supplied,supplied
A0226,663 MASSACHUSETTS AV,Boston,MA,02118,1905,,A/125,SUBSD HOUSING S- 8,Boston Property Assessment FY2026,2026-10-01T22:50Z,"Boston, MA",census_batch,2507000,Suffolk County,25025,02118,42.335912589034,-71.0764696579,Match:Exact,,,unknown,supplied
A0227,1401 HUDSON ST,Hoboken,NJ,07030,2010,2,4C,13B-93U-2C-G,NJOGIS Parcels & MOD-IV Composite,2026-10-01T22:50Z,"Hoboken, NJ",census_batch,3432250,Hudson County,34017,07030,40.752162276083,-74.025132220092,Match:Exact,2,2,supplied,supplied
A0228,225 COLLINGWOOD ST,San Francisco,CA,,1907,5,A5,Apartment 5 to 14 Units,DataSF wv5m-vpq2 (2025 roll),2026-10-01T22:50Z,"San Francisco, CA",census_batch,0667000,San Francisco County,06075,94114,37.758806229242,-122.43584550357,Match:Exact,5,5,supplied,supplied
A0229,5164 03RD ST,San Francisco,CA,,1914,6,A5,Apartment 5 to 14 Units,DataSF wv5m-vpq2 (2025 roll),2026-10-01T22:50Z,"San Francisco, CA",census_oneline,0667000,San Francisco County,06075,94124,37.731288264664,-122.392090570269,Match:oneline,6,6,supplied,supplied
A0230,85 Hancock St,Cambridge,MA,,1996,18,112,>8-UNIT-APT,Cambridge Property Database FY2026 (waa7-ibdu),2026-10-01T22:50Z,"Cambridge, MA",census_batch,2511000,Middlesex County,25017,02139,42.36894090845,-71.10823462185,Match:Exact,18,18,supplied,supplied
A0231,521 ARGUELLO BL,San Francisco,CA,,1971,6,A5,Apartment 5 to 14 Units,DataSF wv5m-vpq2 (2025 roll),2026-10-01T22:50Z,"San Francisco, CA",census_batch,0667000,San Francisco County,06075,94118,37.780784398048,-122.458904742326,Match:Exact,6,6,supplied,supplied
A0232,189 Third St,Cambridge,MA,,1900,6,111,4-8-UNIT-APT,Cambridge Property Database FY2026 (waa7-ibdu),2026-10-01T22:50Z,"Cambridge, MA",census_batch,2511000,Middlesex County,25017,02141,42.367926768436,-71.080956110328,Match:Exact,6,6,supplied,supplied
A0233,30 MEDFIELD ST,Boston,MA,02215,1920,,A/112,APT 7-30 UNITS,Boston Property Assessment FY2026,2026-10-01T22:50Z,"Boston, MA",census_batch,2507000,Suffolk County,25025,02215,42.345263577025,-71.105981333095,Match:Exact,7,30,use_code,supplied
A0234,2212 BLAKE ST,Berkeley,CA,94704,,,7700,Alameda County use code (5+ units),Alameda County parcels,2026-10-01T22:50Z,"Berkeley, CA",census_batch,0606000,Alameda County,06001,94704,37.863354369764,-122.26472014852,Match:Exact,5,,use_code,supplied
A0235,6736 SELMA AVE,Los Angeles,CA,90028,,,050V,Five or more apartments,LA County eGIS parcels,2026-10-01T22:50Z,"Los Angeles, CA",census_batch,0644000,Los Angeles County,06037,90028,34.099644694718,-118.337259232832,Match:Exact,5,,use_code,supplied
A0236,1110 JACKSON ST,San Francisco,CA,,1961,9,A5,Apartment 5 to 14 Units,DataSF wv5m-vpq2 (2025 roll),2026-10-01T22:50Z,"San Francisco, CA",census_batch,0667000,San Francisco County,06075,94133,37.795227211112,-122.41341354471,Match:Exact,9,9,supplied,supplied
A0237,36 VALLEY ST,San Francisco,CA,,1927,12,A5,Apartment 5 to 14 Units,DataSF wv5m-vpq2 (2025 roll),2026-10-01T22:50Z,"San Francisco, CA",census_batch,0667000,San Francisco County,06075,94110,37.744772339215,-122.423160521356,Match:Exact,12,12,supplied,supplied
A0238,15256 ACRE ST,Los Angeles,CA,91343,1957,6,0500,Five or more apartments,LA County eGIS parcels,2026-10-01T22:50Z,"Los Angeles, CA",census_batch,0644000,Los Angeles County,06037,91343,34.229903219394,-118.465059354597,Match:Non_Exact,6,6,supplied,supplied
A0239,1476 UNIVERSITY AVE,Berkeley,CA,94702,,,7700,Alameda County use code (5+ units),Alameda County parcels,2026-10-01T22:50Z,"Berkeley, CA",census_batch,0606000,Alameda County,06001,94702,37.870240703252,-122.282479272768,Match:Exact,5,,use_code,supplied
A0240,4135 38TH ST,San Diego,CA,92105,,7,14,SANDAG asr_landuse 14-16 (5+ units),SANDAG/SanGIS parcels,2026-10-01T22:50Z,"San Diego, CA",census_batch,0666000,San Diego County,06073,92105,32.752138713798,-117.111779263182,Match:Exact,7,7,supplied,supplied
A0241,913 GARDEN ST,Hoboken,NJ,07030,,,4C,5B-14U-H-BA,NJOGIS Parcels & MOD-IV Composite,2026-10-01T22:50Z,"Hoboken, NJ",census_batch,3432250,Hudson County,34017,07030,40.747790932129,-74.029507685512,Match:Exact,14,14,use_code,supplied
A0242,85-87 SIERRA RD,Hyde Park,MA,02136,1960,,A/112,APT 7-30 UNITS,Boston Property Assessment FY2026,2026-10-01T22:50Z,"Boston, MA",census_batch,2507000,Suffolk County,25025,02136,42.23648761117,-71.126219924108,Match:Non_Exact,7,30,use_code,supplied
A0243,664 OCEAN AVE.,Jersey City,NJ,07305,1910,,4C,3S+BT-F-6U,NJOGIS Parcels & MOD-IV Composite,2026-10-01T22:50Z,"Jersey City, NJ",census_batch,3436000,Hudson County,34017,07305,40.709014299361,-74.076659540243,Match:Exact,6,6,use_code,supplied
A0244,1126 HUDSON ST,Hoboken,NJ,07030,,,4C,5B-12U-1BX-H-BA,NJOGIS Parcels & MOD-IV Composite,2026-10-01T22:50Z,"Hoboken, NJ",census_batch,3432250,Hudson County,34017,07030,40.75007710711,-74.025921583962,Match:Exact,12,12,use_code,supplied
A0245,30 WEST HOWELL ST M-D,Dorchester,MA,02125,2018,,A/120,LUXURY APARTMENT,Boston Property Assessment FY2026,2026-10-01T22:50Z,"Boston, MA",census_batch,2507000,Suffolk County,25025,02125,42.325356355842,-71.059503187262,Match:Non_Exact,,,unknown,supplied
A0246,4386 COPELAND AVE,San Diego,CA,92105,,8,14,SANDAG asr_landuse 14-16 (5+ units),SANDAG/SanGIS parcels,2026-10-01T22:50Z,"San Diego, CA",census_batch,0666000,San Diego County,06073,92105,32.756800937083,-117.104047557974,Match:Exact,8,8,supplied,supplied
A0247,4957 CAPE MAY AVE,San Diego,CA,92107,,10,14,SANDAG asr_landuse 14-16 (5+ units),SANDAG/SanGIS parcels,2026-10-01T22:50Z,"San Diego, CA",census_batch,0666000,San Diego County,06073,92107,32.748875084016,-117.248171449465,Match:Exact,10,10,supplied,supplied
A0248,941 S KENMORE AVE,Los Angeles,CA,90006,1923,24,0500,Five or more apartments,LA County eGIS parcels,2026-10-01T22:50Z,"Los Angeles, CA",census_batch,0644000,Los Angeles County,06037,90006,34.054561165408,-118.296589306557,Match:Exact,24,24,supplied,supplied
A0249,498-500 HAWTHORNE AVE,Newark,NJ,10013,,,4C,3SF4UG,NJOGIS Parcels & MOD-IV Composite,2026-10-01T22:50Z,"Newark, NJ",census_batch,3451000,Essex County,34013,07112,40.719775769166,-74.215280471054,Match:Non_Exact,5,,use_code,supplied
A0250,211 BALDWIN AVE.,Jersey City,NJ,07002,,,4C,6S-B+F-45U-17G,NJOGIS Parcels & MOD-IV Composite,2026-10-01T22:50Z,"Jersey City, NJ",census_batch,3436000,Hudson County,34017,07306,40.729192320523,-74.060120792112,Match:Non_Exact,45,45,use_code,supplied
A0251,4663 33RD ST,San Diego,CA,92116,,8,14,SANDAG asr_landuse 14-16 (5+ units),SANDAG/SanGIS parcels,2026-10-01T22:50Z,"San Diego, CA",census_batch,0666000,San Diego County,06073,92116,32.762436259509,-117.122794711786,Match:Exact,8,8,supplied,supplied
A0252,15514 CHASE ST,Los Angeles,CA,91343,1984,6,0500,Five or more apartments,LA County eGIS parcels,2026-10-01T22:50Z,"Los Angeles, CA",census_batch,0644000,Los Angeles County,06037,91343,34.224605812398,-118.470326035112,Match:Non_Exact,6,6,supplied,supplied
A0253,2250 NORTH POINT ST,San Francisco,CA,,1928,7,A5,Apartment 5 to 14 Units,DataSF wv5m-vpq2 (2025 roll),2026-10-01T22:50Z,"San Francisco, CA",census_batch,0667000,San Francisco County,06075,94123,37.802722582821,-122.444275084577,Match:Exact,7,7,supplied,supplied
A0254,805 WASHINGTON ST,Hoboken,NJ,07030,,,4C,4B-9U-H-BA,NJOGIS Parcels & MOD-IV Composite,2026-10-01T22:50Z,"Hoboken, NJ",census_batch,3432250,Hudson County,34017,07030,40.746063788663,-74.028189698217,Match:Exact,9,9,use_code,supplied
A0255,851 E 51ST ST,Los Angeles,CA,90011,1923,8,0500,Five or more apartments,LA County eGIS parcels,2026-10-01T22:50Z,"Los Angeles, CA",census_batch,0644000,Los Angeles County,06037,90011,33.996666263731,-118.260152086488,Match:Exact,8,8,supplied,supplied
A0256,327 JACKSON ST,Hoboken,NJ,07017,,,4C,5B-20U-H,NJOGIS Parcels & MOD-IV Composite,2026-10-01T22:50Z,"Hoboken, NJ",census_batch,3432250,Hudson County,34017,07030,40.742101329412,-74.0400671093,Match:Non_Exact,20,20,use_code,supplied
A0257,5 COMMER CT,San Francisco,CA,,,6,A5,Apartment 5 to 14 Units,DataSF wv5m-vpq2 (2025 roll),2026-10-01T22:50Z,"San Francisco, CA",census_batch,0667000,San Francisco County,06075,94124,37.732351895037,-122.384674255589,Match:Exact,6,6,supplied,supplied
A0258,471 COLUMBIA RD,Dorchester,MA,02125,1930,,A/125,SUBSD HOUSING S- 8,Boston Property Assessment FY2026,2026-10-01T22:50Z,"Boston, MA",census_batch,2507000,Suffolk County,25025,02125,42.314021035494,-71.067499784037,Match:Exact,,,unknown,supplied
A0259,872 NORTH POINT ST,San Francisco,CA,,1900,5,FS5,Flat & Store 5 to 14 units,DataSF wv5m-vpq2 (2025 roll),2026-10-01T22:50Z,"San Francisco, CA",census_batch,0667000,San Francisco County,06075,94109,37.805617181224,-122.421551166436,Match:Exact,5,5,supplied,supplied
A0260,2479 LE CONTE AVE,Berkeley,CA,94709,,,7700,Alameda County use code (5+ units),Alameda County parcels,2026-10-01T22:50Z,"Berkeley, CA",census_batch,0606000,Alameda County,06001,94709,37.87682628993,-122.261370866713,Match:Exact,5,,use_code,supplied
A0261,525 ADAMS ST,Hoboken,NJ,07030,,,4C,5B-1OU,NJOGIS Parcels & MOD-IV Composite,2026-10-01T22:50Z,"Hoboken, NJ",census_batch,3432250,Hudson County,34017,07030,40.743627056924,-74.03569006655,Match:Exact,5,,use_code,supplied
A0262,2924 E JUNIPER ST,San Diego,CA,92104,,18,15,SANDAG asr_landuse 14-16 (5+ units),SANDAG/SanGIS parcels,2026-10-01T22:50Z,"San Diego, CA",census_batch,0666000,San Diego County,06073,92104,32.729713456435,-117.13126954968,Match:Non_Exact,18,18,supplied,supplied
A0263,1636 M L KING JR WAY,Berkeley,CA,94709,,,7700,Alameda County use code (5+ units),Alameda County parcels,2026-10-01T22:50Z,"Berkeley, CA",census_batch,0606000,Alameda County,06001,94709,37.877104430999,-122.273753258644,Match:Exact,5,,use_code,supplied
A0264,583-589 ELIZABETH AVE,Newark,NJ,11516,,,4C,5SB,NJOGIS Parcels & MOD-IV Composite,2026-10-01T22:50Z,"Newark, NJ",census_batch,3451000,Essex County,34013,07112,40.706702590971,-74.203997082351,Match:Non_Exact,5,,use_code,supplied
A0265,102 BALDWIN AVE.,Jersey City,NJ,07306,1912,,4C,3S-B-A-13U-H,NJOGIS Parcels & MOD-IV Composite,2026-10-01T22:50Z,"Jersey City, NJ",census_batch,3436000,Hudson County,34017,07306,40.725395005355,-74.062860646313,Match:Exact,13,13,use_code,supplied
A0266,52 BRIGHT ST.,Jersey City,NJ,10016,,,4C,4S-B-D-8U-NH,NJOGIS Parcels & MOD-IV Composite,2026-10-01T22:50Z,"Jersey City, NJ",census_batch,3436000,Hudson County,34017,07302,40.716964287987,-74.04716146876,Match:Non_Exact,8,8,use_code,supplied
A0267,1314 N VAN NESS AVE,Los Angeles,CA,90028,,,050V,Five or more apartments,LA County eGIS parcels,2026-10-01T22:50Z,"Los Angeles, CA",census_batch,0644000,Los Angeles County,06037,90038,34.095065338349,-118.31568631956,Match:Non_Exact,5,,use_code,supplied
A0268,1848 FRANKLIN ST,San Francisco,CA,,1914,7,A5,Apartment 5 to 14 Units,DataSF wv5m-vpq2 (2025 roll),2026-10-01T22:50Z,"San Francisco, CA",census_batch,0667000,San Francisco County,06075,94109,37.791524228684,-122.42417782805,Match:Exact,7,7,supplied,supplied
A0269,1015 CLINTON ST,Hoboken,NJ,10003,,,4C,5B-14U,NJOGIS Parcels & MOD-IV Composite,2026-10-01T22:50Z,"Hoboken, NJ",census_batch,3432250,Hudson County,34017,07030,40.749581279292,-74.031887796981,Match:Non_Exact,14,14,use_code,supplied
A0270,29 CONCORD ST,Jersey City,NJ,07306,1890,,4C,4S-B-8U-H,NJOGIS Parcels & MOD-IV Composite,2026-10-01T22:50Z,"Jersey City, NJ",census_batch,3436000,Hudson County,34017,07306,40.733442605846,-74.052574845456,Match:Exact,8,8,use_code,supplied
A0271,4115 LINCOLN WY,San Francisco,CA,,1928,13,A5,Apartment 5 to 14 Units,DataSF wv5m-vpq2 (2025 roll),2026-10-01T22:50Z,"San Francisco, CA",census_batch,0667000,San Francisco County,06075,94122,37.764244000512,-122.502100180635,Match:Exact,13,13,supplied,supplied
A0272,5 Everett St,Cambridge,MA,,1890,6,111,4-8-UNIT-APT,Cambridge Property Database FY2026 (waa7-ibdu),2026-10-01T22:50Z,"Cambridge, MA",census_batch,2511000,Middlesex County,25017,02138,42.380002159495,-71.11923068717,Match:Exact,6,6,supplied,supplied
A0273,3911 CENTRE ST,San Diego,CA,92103,,10,14,SANDAG asr_landuse 14-16 (5+ units),SANDAG/SanGIS parcels,2026-10-01T22:50Z,"San Diego, CA",census_batch,0666000,San Diego County,06073,92103,32.749136257741,-117.147965593551,Match:Exact,10,10,supplied,supplied
A0274,7072 EASTMAN ST,San Diego,CA,92111,,6,14,SANDAG asr_landuse 14-16 (5+ units),SANDAG/SanGIS parcels,2026-10-01T22:50Z,"San Diego, CA",census_batch,0666000,San Diego County,06073,92111,32.789776238445,-117.168439360297,Match:Exact,6,6,supplied,supplied
A0275,4091 MORRELL ST,San Diego,CA,92109,,7,14,SANDAG asr_landuse 14-16 (5+ units),SANDAG/SanGIS parcels,2026-10-01T22:50Z,"San Diego, CA",census_batch,0666000,San Diego County,06073,92109,32.795607414483,-117.231646719173,Match:Exact,7,7,supplied,supplied
A0276,4361 ILLINOIS ST,San Diego,CA,92104,,6,14,SANDAG asr_landuse 14-16 (5+ units),SANDAG/SanGIS parcels,2026-10-01T22:50Z,"San Diego, CA",census_batch,0666000,San Diego County,06073,92104,32.756358147896,-117.127636770855,Match:Exact,6,6,supplied,supplied
A0277,2736 GRANT ST,Berkeley,CA,94703,,,7700,Alameda County use code (5+ units),Alameda County parcels,2026-10-01T22:50Z,"Berkeley, CA",census_batch,0606000,Alameda County,06001,94703,37.85849365947,-122.273424660577,Match:Exact,5,,use_code,supplied
A0278,1800 FRANKLIN ST,San Francisco,CA,,1919,17,A15,Apartment 15 Units or more,DataSF wv5m-vpq2 (2025 roll),2026-10-01T22:50Z,"San Francisco, CA",census_batch,0667000,San Francisco County,06075,94109,37.791146664293,-122.424100965563,Match:Exact,17,17,supplied,supplied
A0279,90 KENSINGTON AVE.,Jersey City,NJ,07302,1925,,4C,4S-B-A-17U,NJOGIS Parcels & MOD-IV Composite,2026-10-01T22:50Z,"Jersey City, NJ",census_oneline,3436000,Hudson County,34017,07304,40.723144945194,-74.075287274906,Match:oneline,17,17,use_code,supplied
A0280,1215 11TH AV,San Francisco,CA,,1971,6,A5,Apartment 5 to 14 Units,DataSF wv5m-vpq2 (2025 roll),2026-10-01T22:50Z,"San Francisco, CA",census_batch,0667000,San Francisco County,06075,94122,37.76547270684,-122.468630232306,Match:Exact,6,6,supplied,supplied
A0281,1725 N GOWER ST,Los Angeles,CA,90028,1946,20,0500,Five or more apartments,LA County eGIS parcels,2026-10-01T22:50Z,"Los Angeles, CA",census_batch,0644000,Los Angeles County,06037,90028,34.102103469042,-118.32242566214,Match:Exact,20,20,supplied,supplied
A0282,2240 10TH ST,Berkeley,CA,94710,,,7700,Alameda County use code (5+ units),Alameda County parcels,2026-10-01T22:50Z,"Berkeley, CA",census_batch,0606000,Alameda County,06001,94710,37.865429346313,-122.292299289201,Match:Exact,5,,use_code,supplied
A0283,90 BARTLETT ST,San Francisco,CA,,1986,51,A15,Apartment 15 Units or more,DataSF wv5m-vpq2 (2025 roll),2026-10-01T22:50Z,"San Francisco, CA",census_batch,0667000,San Francisco County,06075,94110,37.755542885749,-122.41994757491,Match:Exact,51,51,supplied,supplied
A0284,345 Columbia St,Cambridge,MA,,1920,9,112,>8-UNIT-APT,Cambridge Property Database FY2026 (waa7-ibdu),2026-10-01T22:50Z,"Cambridge, MA",census_batch,2511000,Middlesex County,25017,02141,42.371521199602,-71.095359909702,Match:Exact,9,9,supplied,supplied
A0285,5255 HARMONY AVE,Los Angeles,CA,91601,,8,0500,Five or more apartments,LA County eGIS parcels,2026-10-01T22:50Z,"Los Angeles, CA",census_batch,0644000,Los Angeles County,06037,91601,34.165894818542,-118.366517318934,Match:Non_Exact,8,8,supplied,supplied
A0286,27 Irving Ter,Cambridge,MA,,1925,29,112,>8-UNIT-APT,Cambridge Property Database FY2026 (waa7-ibdu),2026-10-01T22:50Z,"Cambridge, MA",census_batch,2511000,Middlesex County,25017,02138,42.375840853959,-71.111412032264,Match:Exact,29,29,supplied,supplied
A0287,404 GRAND ST,Hoboken,NJ,07075,,,4C,4B-7U-H-BA,NJOGIS Parcels & MOD-IV Composite,2026-10-01T22:50Z,"Hoboken, NJ",census_batch,3432250,Hudson County,34017,07030,40.742295062797,-74.035272884466,Match:Non_Exact,7,7,use_code,supplied
A0288,75 CLENDENNY AVE.,Jersey City,NJ,11211,,,4C,3S-B-12U,NJOGIS Parcels & MOD-IV Composite,2026-10-01T22:50Z,"Jersey City, NJ",census_batch,3436000,Hudson County,34017,07304,40.718013229375,-74.0811726863,Match:Non_Exact,12,12,use_code,supplied
A0289,1741 M L KING JR WAY,Berkeley,CA,94709,,,7700,Alameda County use code (5+ units),Alameda County parcels,2026-10-01T22:50Z,"Berkeley, CA",census_batch,0606000,Alameda County,06001,94709,37.874873789784,-122.273285380013,Match:Exact,5,,use_code,supplied
A0290,21 Forest St,Cambridge,MA,,1880,10,112,>8-UNIT-APT,Cambridge Property Database FY2026 (waa7-ibdu),2026-10-01T22:50Z,"Cambridge, MA",census_batch,2511000,Middlesex County,25017,02140,42.385243189976,-71.116197964756,Match:Exact,10,10,supplied,supplied
A0291,165 Cambridgepark Dr,Cambridge,MA,,2014,244,112,>8-UNIT-APT,Cambridge Property Database FY2026 (waa7-ibdu),2026-10-01T22:50Z,"Cambridge, MA",census_oneline,2511000,Middlesex County,25017,02140,42.395099011822,-71.146981411789,Match:oneline,244,244,supplied,supplied
A0292,24 Berkshire St,Cambridge,MA,,2019,6,111,4-8-UNIT-APT,Cambridge Property Database FY2026 (waa7-ibdu),2026-10-01T22:50Z,"Cambridge, MA",census_batch,2511000,Middlesex County,25017,02141,42.368859452865,-71.091628846996,Match:Exact,6,6,supplied,supplied
A0293,1314 NATOMA ST,San Francisco,CA,,1907,6,A5,Apartment 5 to 14 Units,DataSF wv5m-vpq2 (2025 roll),2026-10-01T22:50Z,"San Francisco, CA",census_batch,0667000,San Francisco County,06075,94103,37.768086302987,-122.418602494007,Match:Exact,6,6,supplied,supplied
A0294,178 Richdale Ave,Cambridge,MA,,1920,6,111,4-8-UNIT-APT,Cambridge Property Database FY2026 (waa7-ibdu),2026-10-01T22:50Z,"Cambridge, MA",census_batch,2511000,Middlesex County,25017,02140,42.389122123461,-71.126525304753,Match:Exact,6,6,supplied,supplied
A0295,Harvard ST LOT 2A-13,Dorchester,MA,02124,2019,,A/125,SUBSD HOUSING S- 8,Boston Property Assessment FY2026,2026-10-01T22:50Z,"Boston, MA",postal_fallback,,,,,,,No_Match,,,unknown,supplied
A0296,83-85 MCWHORTER ST,Newark,NJ,07105,,,4C,4SB,NJOGIS Parcels & MOD-IV Composite,2026-10-01T22:50Z,"Newark, NJ",census_batch,3451000,Essex County,34013,07105,40.730142326692,-74.16622635068,Match:Non_Exact,5,,use_code,supplied
A0297,211-213 SUMMER AVE,Newark,NJ,11205,,,4C,4SB,NJOGIS Parcels & MOD-IV Composite,2026-10-01T22:50Z,"Newark, NJ",census_batch,3451000,Essex County,34013,07104,40.758931675998,-74.171685521994,Match:Non_Exact,5,,use_code,supplied
A0298,361 Washington St,Cambridge,MA,,1900,6,111,4-8-UNIT-APT,Cambridge Property Database FY2026 (waa7-ibdu),2026-10-01T22:50Z,"Cambridge, MA",census_batch,2511000,Middlesex County,25017,02139,42.365668497367,-71.099392946846,Match:Exact,6,6,supplied,supplied
A0299,1037 WASHINGTON ST,Hoboken,NJ,10994,,,4C,4B-8U-BA,NJOGIS Parcels & MOD-IV Composite,2026-10-01T22:50Z,"Hoboken, NJ",census_batch,3432250,Hudson County,34017,07030,40.749050177411,-74.027266530035,Match:Non_Exact,8,8,use_code,supplied
A0300,36 Trowbridge St,Cambridge,MA,,1920,5,111,4-8-UNIT-APT,Cambridge Property Database FY2026 (waa7-ibdu),2026-10-01T22:50Z,"Cambridge, MA",census_batch,2511000,Middlesex County,25017,02138,42.371850975157,-71.111648701864,Match:Exact,5,5,supplied,supplied
A0301,165 Hampshire St,Cambridge,MA,,1905,6,111,4-8-UNIT-APT,Cambridge Property Database FY2026 (waa7-ibdu),2026-10-01T22:50Z,"Cambridge, MA",census_batch,2511000,Middlesex County,25017,02139,42.371842605201,-71.098439445715,Match:Exact,6,6,supplied,supplied
A0302,4-6 Clinton St,Cambridge,MA,,1900,8,111,4-8-UNIT-APT,Cambridge Property Database FY2026 (waa7-ibdu),2026-10-01T22:50Z,"Cambridge, MA",census_batch,2511000,Middlesex County,25017,02139,42.367516001139,-71.106823748323,Match:Non_Exact,8,8,supplied,supplied
A0303,188 E 35TH ST,Los Angeles,CA,90011,1909,10,0500,Five or more apartments,LA County eGIS parcels,2026-10-01T22:50Z,"Los Angeles, CA",census_batch,0644000,Los Angeles County,06037,90011,34.016877079827,-118.271171829397,Match:Exact,10,10,supplied,supplied
A0304,4541 HAMILTON ST,San Diego,CA,92116,,7,14,SANDAG asr_landuse 14-16 (5+ units),SANDAG/SanGIS parcels,2026-10-01T22:50Z,"San Diego, CA",census_batch,0666000,San Diego County,06073,92116,32.759898286948,-117.136296909949,Match:Exact,7,7,supplied,supplied
A0305,638 45TH AV,San Francisco,CA,,1908,5,A5,Apartment 5 to 14 Units,DataSF wv5m-vpq2 (2025 roll),2026-10-01T22:50Z,"San Francisco, CA",census_batch,0667000,San Francisco County,06075,94121,37.776456954836,-122.505895195699,Match:Exact,5,5,supplied,supplied
A0306,335A Harvard St,Cambridge,MA,,1920,17,112,>8-UNIT-APT,Cambridge Property Database FY2026 (waa7-ibdu),2026-10-01T22:50Z,"Cambridge, MA",census_batch,2511000,Middlesex County,25017,02139,42.370715584888,-71.109090354517,Match:Non_Exact,17,17,supplied,supplied
A0307,294-296 VAN BUREN ST,Newark,NJ,07512,,,4C,3SB3UG,NJOGIS Parcels & MOD-IV Composite,2026-10-01T22:50Z,"Newark, NJ",census_batch,3451000,Essex County,34013,07105,40.721814664163,-74.16080945112,Match:Non_Exact,5,,use_code,supplied
A0308,1032 HUDSON ST,Hoboken,NJ,07024,,,4C,5B-11U-H-BA-G,NJOGIS Parcels & MOD-IV Composite,2026-10-01T22:50Z,"Hoboken, NJ",census_batch,3432250,Hudson County,34017,07030,40.748749351079,-74.026323440877,Match:Non_Exact,11,11,use_code,supplied
A0309,1706 N STANLEY AVE,Los Angeles,CA,90046,1951,6,0500,Five or more apartments,LA County eGIS parcels,2026-10-01T22:50Z,"Los Angeles, CA",census_batch,0644000,Los Angeles County,06037,90046,34.101835421105,-118.356114053762,Match:Exact,6,6,supplied,supplied
A0310,53-55 Ashford ST,Allston,MA,02134,1900,,A/112,APT 7-30 UNITS,Boston Property Assessment FY2026,2026-10-01T22:50Z,"Boston, MA",census_batch,2507000,Suffolk County,25025,02134,42.354497619427,-71.126531334249,Match:Non_Exact,7,30,use_code,supplied
A0311,38-38- SOMME ST,Newark,NJ,07032,,,4C,2.5S.F.,NJOGIS Parcels & MOD-IV Composite,2026-10-01T22:50Z,"Newark, NJ",census_batch,3451000,Essex County,34013,07105,40.731405439225,-74.150647497602,Match:Non_Exact,5,,use_code,supplied
A0312,25 ORLANDO ST,Mattapan,MA,02126,1965,,A/125,SUBSD HOUSING S- 8,Boston Property Assessment FY2026,2026-10-01T22:50Z,"Boston, MA",census_batch,2507000,Suffolk County,25025,02126,42.274643004403,-71.0991080589,Match:Exact,,,unknown,supplied
A0313,317-319 W RUNYON ST,Newark,NJ,11205,,,4C,3SF,NJOGIS Parcels & MOD-IV Composite,2026-10-01T22:50Z,"Newark, NJ",census_batch,3451000,Essex County,34013,07108,40.719489638436,-74.209161967359,Match:Non_Exact,5,,use_code,supplied
A0314,6640 LELAND WAY,Los Angeles,CA,90028,1919,7,0500,Five or more apartments,LA County eGIS parcels,2026-10-01T22:50Z,"Los Angeles, CA",census_batch,0644000,Los Angeles County,06037,90028,34.096954047102,-118.334062631211,Match:Exact,7,7,supplied,supplied
A0315,5233 CARTWRIGHT AVE,Los Angeles,CA,91601,1990,8,0500,Five or more apartments,LA County eGIS parcels,2026-10-01T22:50Z,"Los Angeles, CA",census_batch,0644000,Los Angeles County,06037,91601,34.165516896714,-118.363242167449,Match:Non_Exact,8,8,supplied,supplied
A0316,3978 FLORIDA ST,San Diego,CA,92104,,8,14,SANDAG asr_landuse 14-16 (5+ units),SANDAG/SanGIS parcels,2026-10-01T22:50Z,"San Diego, CA",census_batch,0666000,San Diego County,06073,92104,32.749889290623,-117.143805824838,Match:Exact,8,8,supplied,supplied
A0317,2233 CHANNING WAY,Berkeley,CA,94704,,,7700,Alameda County use code (5+ units),Alameda County parcels,2026-10-01T22:50Z,"Berkeley, CA",census_batch,0606000,Alameda County,06001,94704,37.866269484742,-122.264363578265,Match:Exact,5,,use_code,supplied
A0318,2041 FRANCISCO ST,Berkeley,CA,94709,,,7700,Alameda County use code (5+ units),Alameda County parcels,2026-10-01T22:50Z,"Berkeley, CA",census_batch,0606000,Alameda County,06001,94709,37.875520264007,-122.270236431385,Match:Exact,5,,use_code,supplied
A0319,2315 GRANT ST,Berkeley,CA,94703,,,7700,Alameda County use code (5+ units),Alameda County parcels,2026-10-01T22:50Z,"Berkeley, CA",census_batch,0606000,Alameda County,06001,94703,37.866407956138,-122.27469711854,Match:Exact,5,,use_code,supplied
A0320,408 MADISON ST,Hoboken,NJ,07030,,,4C,4F-6U,NJOGIS Parcels & MOD-IV Composite,2026-10-01T22:50Z,"Hoboken, NJ",census_batch,3432250,Hudson County,34017,07030,40.742822649905,-74.038062021201,Match:Exact,6,6,use_code,supplied
A0321,200 NUNDA AVE.,Jersey City,NJ,07306,,,4C,3S-F-D-7U-NH,NJOGIS Parcels & MOD-IV Composite,2026-10-01T22:50Z,"Jersey City, NJ",census_batch,3436000,Hudson County,34017,07306,40.729025280221,-74.079221896001,Match:Exact,7,7,use_code,supplied
A0322,227 CYPRESS DR,San Ysidro,CA,92173,,31,15,SANDAG asr_landuse 14-16 (5+ units),SANDAG/SanGIS parcels,2026-10-01T22:50Z,"San Diego, CA",census_batch,0666000,San Diego County,06073,92173,32.555470956839,-117.045151967648,Match:Exact,31,31,supplied,supplied
A0323,4627 COMPTON AVE,Los Angeles,CA,90011,1907,5,0500,Five or more apartments,LA County eGIS parcels,2026-10-01T22:50Z,"Los Angeles, CA",census_batch,0644000,Los Angeles County,06037,90011,34.001632563866,-118.247839866285,Match:Exact,5,5,supplied,supplied
A0324,2003 FRANKLIN ST,San Francisco,CA,,1885,6,A5,Apartment 5 to 14 Units,DataSF wv5m-vpq2 (2025 roll),2026-10-01T22:50Z,"San Francisco, CA",census_batch,0667000,San Francisco County,06075,94109,37.792904441436,-122.424604033397,Match:Exact,6,6,supplied,supplied
A0325,38A GAUTIER AVE.,Jersey City,NJ,07302,1925,,4C,4S-B-A-21U,NJOGIS Parcels & MOD-IV Composite,2026-10-01T22:50Z,"Jersey City, NJ",census_batch,3436000,Hudson County,34017,07306,40.72613987341,-74.079307176087,Match:Non_Exact,21,21,use_code,supplied
A0326,46 JEFFERSON ST,Newark,NJ,07105,,,4C,4SB,NJOGIS Parcels & MOD-IV Composite,2026-10-01T22:50Z,"Newark, NJ",census_batch,3451000,Essex County,34013,07105,40.731191686503,-74.16011411828,Match:Exact,5,,use_code,supplied
A0327,1605 N MARTEL AVE,Los Angeles,CA,90046,1954,36,0501,Five or more apartments,LA County eGIS parcels,2026-10-01T22:50Z,"Los Angeles, CA",census_batch,0644000,Los Angeles County,06037,90046,34.099942749927,-118.350240944927,Match:Exact,36,36,supplied,supplied
A0328,1845 08TH AV,San Francisco,CA,,1960,6,A5,Apartment 5 to 14 Units,DataSF wv5m-vpq2 (2025 roll),2026-10-01T22:50Z,"San Francisco, CA",census_oneline,0667000,San Francisco County,06075,94122,37.753910517548,-122.464604457855,Match:oneline,6,6,supplied,supplied
A0329,51 MADISON ST,Newark,NJ,07105,,,4C,3SB,NJOGIS Parcels & MOD-IV Composite,2026-10-01T22:50Z,"Newark, NJ",census_batch,3451000,Essex County,34013,07105,40.730936900745,-74.159407511479,Match:Exact,5,,use_code,supplied
A0330,5229 WILLOWCREST AVE,Los Angeles,CA,91601,2018,24,0500,Five or more apartments,LA County eGIS parcels,2026-10-01T22:50Z,"Los Angeles, CA",census_batch,0644000,Los Angeles County,06037,91601,34.165448094429,-118.362200030188,Match:Non_Exact,24,24,supplied,supplied
A0331,342-344 IRVINE TURNER BLV,Newark,NJ,11219,1910,,4C,2.5SF4UG,NJOGIS Parcels & MOD-IV Composite,2026-10-01T22:50Z,"Newark, NJ",census_batch,3451000,Essex County,34013,07108,40.722514194915,-74.193318622525,Match:Non_Exact,5,,use_code,supplied
A0332,26 SONOMA ST,Dorchester,MA,02121,,,A/125,SUBSD HOUSING S- 8,Boston Property Assessment FY2026,2026-10-01T22:50Z,"Boston, MA",census_batch,2507000,Suffolk County,25025,02121,42.308190903587,-71.086856518884,Match:Exact,,,unknown,supplied
A0333,3752 33RD ST,San Diego,CA,92104,,8,14,SANDAG asr_landuse 14-16 (5+ units),SANDAG/SanGIS parcels,2026-10-01T22:50Z,"San Diego, CA",census_batch,0666000,San Diego County,06073,92104,32.746101678529,-117.12293391208,Match:Exact,8,8,supplied,supplied
A0334,2025 FRANCISCO ST,Berkeley,CA,94709,,,7700,Alameda County use code (5+ units),Alameda County parcels,2026-10-01T22:50Z,"Berkeley, CA",census_batch,0606000,Alameda County,06001,94709,37.875475369217,-122.270586610925,Match:Exact,5,,use_code,supplied
A0335,125 BEMIS ST,San Francisco,CA,,1968,10,A5,Apartment 5 to 14 Units,DataSF wv5m-vpq2 (2025 roll),2026-10-01T22:50Z,"San Francisco, CA",census_batch,0667000,San Francisco County,06075,94131,37.737182683157,-122.430367276697,Match:Exact,10,10,supplied,supplied
A0336,151 North First St,Cambridge,MA,,2020,468,112,MXD >8-UNIT-APT,Cambridge Property Database FY2026 (waa7-ibdu),2026-10-01T22:50Z,"Cambridge, MA",census_batch,2511000,Middlesex County,25017,02141,42.372482137906,-71.075526736217,Match:Exact,468,468,supplied,supplied
A0337,66 MONROE ST,Newark,NJ,07032,,,4C,4S.B,NJOGIS Parcels & MOD-IV Composite,2026-10-01T22:50Z,"Newark, NJ",census_batch,3451000,Essex County,34013,07105,40.730254220709,-74.158991782803,Match:Non_Exact,5,,use_code,supplied
A0338,521-523 S 17TH,Newark,NJ,07417,,,4C,3SF,NJOGIS Parcels & MOD-IV Composite,2026-10-01T22:50Z,"Newark, NJ",postal_fallback,,,,,,,No_Match,5,,use_code,supplied
A0339,124 Berkshire St,Cambridge,MA,,1920,8,111,4-8-UNIT-APT,Cambridge Property Database FY2026 (waa7-ibdu),2026-10-01T22:50Z,"Cambridge, MA",census_batch,2511000,Middlesex County,25017,02141,42.371616346646,-71.090029432444,Match:Exact,8,8,supplied,supplied
A0340,14735 ROSCOE BLVD,Los Angeles,CA,91402,1959,50,0500,Five or more apartments,LA County eGIS parcels,2026-10-01T22:50Z,"Los Angeles, CA",census_batch,0644000,Los Angeles County,06037,91402,34.22154746833,-118.454598749429,Match:Non_Exact,50,50,supplied,supplied
A0341,4225 50TH ST,San Diego,CA,92115,,6,14,SANDAG asr_landuse 14-16 (5+ units),SANDAG/SanGIS parcels,2026-10-01T22:50Z,"San Diego, CA",census_batch,0666000,San Diego County,06073,92115,32.753521698227,-117.086787563421,Match:Exact,6,6,supplied,supplied
A0342,49 Roseland St,Cambridge,MA,,1910,6,111,4-8-UNIT-APT,Cambridge Property Database FY2026 (waa7-ibdu),2026-10-01T22:50Z,"Cambridge, MA",census_batch,2511000,Middlesex County,25017,02140,42.386748328179,-71.116972926785,Match:Exact,6,6,supplied,supplied
A0343,408-410 5TH ST,Newark,NJ,10997,,,4C,4SB,NJOGIS Parcels & MOD-IV Composite,2026-10-01T22:50Z,"Newark, NJ",postal_fallback,,,,,,,No_Match,5,,use_code,supplied
A0344,238 & 242 GARFIELD AVE.,Jersey City,NJ,07304,1928,,4C,4S-B-44U,NJOGIS Parcels & MOD-IV Composite,2026-10-01T22:50Z,"Jersey City, NJ",census_batch,3436000,Hudson County,34017,07305,40.692246111645,-74.091122112815,Match:Non_Exact,44,44,use_code,supplied
A0345,153 W VERNON AVE,Los Angeles,CA,90037,1921,5,0500,Five or more apartments,LA County eGIS parcels,2026-10-01T22:50Z,"Los Angeles, CA",census_batch,0644000,Los Angeles County,06037,90037,34.003875826453,-118.275158399166,Match:Exact,5,5,supplied,supplied
A0346,AUBURN DR,San Diego,CA,92105,,8,14,SANDAG asr_landuse 14-16 (5+ units),SANDAG/SanGIS parcels,2026-10-01T22:50Z,"San Diego, CA",postal_fallback,,,,,,,No_Match,8,8,supplied,supplied
A0347,2142 2ND AVE,San Diego,CA,92101,,9,14,SANDAG asr_landuse 14-16 (5+ units),SANDAG/SanGIS parcels,2026-10-01T22:50Z,"San Diego, CA",census_batch,0666000,San Diego County,06073,92101,32.727653319366,-117.163065698172,Match:Exact,9,9,supplied,supplied
A0348,229 CLINTON ST,Hoboken,NJ,08755,,,4C,4F-7U,NJOGIS Parcels & MOD-IV Composite,2026-10-01T22:50Z,"Hoboken, NJ",census_batch,3432250,Hudson County,34017,07030,40.739876679452,-74.034849797859,Match:Non_Exact,7,7,use_code,supplied
A0349,2400 DANA ST,Berkeley,CA,94704,,,7700,Alameda County use code (5+ units),Alameda County parcels,2026-10-01T22:50Z,"Berkeley, CA",census_batch,0606000,Alameda County,06001,94704,37.866568691092,-122.261163802946,Match:Exact,5,,use_code,supplied
A0350,1051 WEST SIDE AVE.,Jersey City,NJ,07446,1900,,4C,3S-B-D-6U-NH,NJOGIS Parcels & MOD-IV Composite,2026-10-01T22:50Z,"Jersey City, NJ",census_batch,3436000,Hudson County,34017,07306,40.735168801416,-74.070961149168,Match:Non_Exact,6,6,use_code,supplied
A0351,628 HYDE ST,San Francisco,CA,,1907,7,A5,Apartment 5 to 14 Units,DataSF wv5m-vpq2 (2025 roll),2026-10-01T22:50Z,"San Francisco, CA",census_batch,0667000,San Francisco County,06075,94109,37.786610489702,-122.41643664948,Match:Exact,7,7,supplied,supplied
A0352,40-42 MT PROSPECT AVE,Newark,NJ,07083,1900,,4C,3SB,NJOGIS Parcels & MOD-IV Composite,2026-10-01T22:50Z,"Newark, NJ",postal_fallback,3451000,Essex County,34013,07104,40.753191626991,-74.177805398305,Tie:oneline_places_differ,5,,use_code,supplied
A0353,1044 E JEFFERSON BLVD,Los Angeles,CA,90011,,,0500,Five or more apartments,LA County eGIS parcels,2026-10-01T22:50Z,"Los Angeles, CA",census_batch,0644000,Los Angeles County,06037,90011,34.012089330967,-118.257806027731,Match:Exact,5,,use_code,supplied
A0354,73 LUBEC ST,East Boston,MA,02128,1899,,A/112,APT 7-30 UNITS,Boston Property Assessment FY2026,2026-10-01T22:50Z,"Boston, MA",census_batch,2507000,Suffolk County,25025,02128,42.370721531914,-71.033000779013,Match:Exact,7,30,use_code,supplied
A0355,10701 AMESTOY AVE,Los Angeles,CA,91344,1986,7,0500,Five or more apartments,LA County eGIS parcels,2026-10-01T22:50Z,"Los Angeles, CA",census_batch,0644000,Los Angeles County,06037,91344,34.264856666784,-118.506705841287,Match:Non_Exact,7,7,supplied,supplied
A0356,16 Brainerd RD,Allston,MA,02134,1930,,A/112,APT 7-30 UNITS,Boston Property Assessment FY2026,2026-10-01T22:50Z,"Boston, MA",census_batch,2507000,Suffolk County,25025,02134,42.348858680092,-71.130629546012,Match:Exact,7,30,use_code,supplied
A0357,173 07TH ST,San Francisco,CA,,1997,29,A15,Apartment 15 Units or more,DataSF wv5m-vpq2 (2025 roll),2026-10-01T22:50Z,"San Francisco, CA",census_oneline,0667000,San Francisco County,06075,94103,37.778180361844,-122.409540179118,Match:oneline,29,29,supplied,supplied
A0358,717 N 6TH ST,Newark,NJ,07110,,,4C,3SB-2UG,NJOGIS Parcels & MOD-IV Composite,2026-10-01T22:50Z,"Newark, NJ",census_batch,3451000,Essex County,34013,07107,40.773922773441,-74.179007529056,Match:Non_Exact,5,,use_code,supplied
A0359,925 PARK AVE,Hoboken,NJ,07306,,,4C,5B-10U-H-BA,NJOGIS Parcels & MOD-IV Composite,2026-10-01T22:50Z,"Hoboken, NJ",census_batch,3432250,Hudson County,34017,07030,40.748092459219,-74.030402774821,Match:Non_Exact,10,10,use_code,supplied
A0360,140 NEW YORK AVE.,Jersey City,NJ,10977,1924,,4C,3S-B-A-14U-H,NJOGIS Parcels & MOD-IV Composite,2026-10-01T22:50Z,"Jersey City, NJ",census_batch,3436000,Hudson County,34017,07307,40.741104245751,-74.047111900025,Match:Non_Exact,14,14,use_code,supplied
A0361,15 Berkshire St,Cambridge,MA,,1915,6,111,4-8-UNIT-APT,Cambridge Property Database FY2026 (waa7-ibdu),2026-10-01T22:50Z,"Cambridge, MA",census_batch,2511000,Middlesex County,25017,02141,42.368426537915,-71.092040596292,Match:Exact,6,6,supplied,supplied
A0362,368 RIVERWAY ST,Boston,MA,02115,1920,,A/112,APT 7-30 UNITS,Boston Property Assessment FY2026,2026-10-01T22:50Z,"Boston, MA",census_batch,2507000,Suffolk County,25025,02115,42.334291810524,-71.110791246894,Match:Non_Exact,7,30,use_code,supplied
A0363,2451 SHATTUCK AVE,Berkeley,CA,94704,,,7700,Alameda County use code (5+ units),Alameda County parcels,2026-10-01T22:50Z,"Berkeley, CA",census_batch,0606000,Alameda County,06001,94704,37.864690284096,-122.267324831145,Match:Exact,5,,use_code,supplied
A0364,125 03RD AV,San Francisco,CA,,1964,6,A5,Apartment 5 to 14 Units,DataSF wv5m-vpq2 (2025 roll),2026-10-01T22:50Z,"San Francisco, CA",census_oneline,0667000,San Francisco County,06075,94118,37.786437508473,-122.461516266857,Match:oneline,6,6,supplied,supplied
A0365,3940 IDAHO ST,San Diego,CA,92104,,12,14,SANDAG asr_landuse 14-16 (5+ units),SANDAG/SanGIS parcels,2026-10-01T22:50Z,"San Diego, CA",census_batch,0666000,San Diego County,06073,92104,32.749235987165,-117.13391504862,Match:Exact,12,12,supplied,supplied
A0366,230 Everett ST,East Boston,MA,02128,2024,,A/120,LUXURY APARTMENT,Boston Property Assessment FY2026,2026-10-01T22:50Z,"Boston, MA",census_batch,2507000,Suffolk County,25025,02128,42.365643672949,-71.030306589214,Match:Exact,,,unknown,supplied
A0367,219 S 35TH ST,San Diego,CA,92113,,7,14,SANDAG asr_landuse 14-16 (5+ units),SANDAG/SanGIS parcels,2026-10-01T22:50Z,"San Diego, CA",census_batch,0666000,San Diego County,06073,92113,32.704217966085,-117.118695602941,Match:Exact,7,7,supplied,supplied
A0368,1430 FRANCISCO ST,San Francisco,CA,,1926,12,A5,Apartment 5 to 14 Units,DataSF wv5m-vpq2 (2025 roll),2026-10-01T22:50Z,"San Francisco, CA",census_batch,0667000,San Francisco County,06075,94123,37.802780409256,-122.428752796943,Match:Exact,12,12,supplied,supplied
A0369,3260 CALIFORNIA ST,Berkeley,CA,94703,,,7700,Alameda County use code (5+ units),Alameda County parcels,2026-10-01T22:50Z,"Berkeley, CA",census_batch,0606000,Alameda County,06001,94703,37.848609498456,-122.276013172823,Match:Exact,5,,use_code,supplied
A0370,2222 TOBERMAN ST,Los Angeles,CA,90007,1924,6,0500,Five or more apartments,LA County eGIS parcels,2026-10-01T22:50Z,"Los Angeles, CA",census_batch,0644000,Los Angeles County,06037,90007,34.034721924415,-118.281203744904,Match:Exact,6,6,supplied,supplied
A0371,76-80 BRUEN ST,Newark,NJ,07105,,,4C,USCB16UG,NJOGIS Parcels & MOD-IV Composite,2026-10-01T22:50Z,"Newark, NJ",census_batch,3451000,Essex County,34013,07105,40.730337311596,-74.166930355672,Match:Non_Exact,5,,use_code,supplied
A0372,314 SEVENTH ST.,Jersey City,NJ,07302,,,4C,4S-B-D-7U-NH-G,NJOGIS Parcels & MOD-IV Composite,2026-10-01T22:50Z,"Jersey City, NJ",census_batch,3436000,Hudson County,34017,07302,40.726486238182,-74.047955557321,Match:Exact,7,7,use_code,supplied
A0373,1315 SPRUCE ST,Berkeley,CA,94709,,,7200,Alameda County use code (5+ units),Alameda County parcels,2026-10-01T22:50Z,"Berkeley, CA",census_batch,0606000,Alameda County,06001,94709,37.883557224033,-122.266249122343,Match:Exact,5,,use_code,supplied
A0374,686 S ARDMORE AVE,Los Angeles,CA,90005,1990,15,0500,Five or more apartments,LA County eGIS parcels,2026-10-01T22:50Z,"Los Angeles, CA",census_batch,0644000,Los Angeles County,06037,90005,34.060247782434,-118.301920522459,Match:Exact,15,15,supplied,supplied
A0375,1880 FULTON ST,San Francisco,CA,,1921,9,A5,Apartment 5 to 14 Units,DataSF wv5m-vpq2 (2025 roll),2026-10-01T22:50Z,"San Francisco, CA",census_batch,0667000,San Francisco County,06075,94117,37.775695071124,-122.447766948778,Match:Exact,9,9,supplied,supplied
A0376,ST JAMES ST,Roxbury,MA,02119,,,A/125,SUBSD HOUSING S- 8,Boston Property Assessment FY2026,2026-10-01T22:50Z,"Boston, MA",postal_fallback,,,,,,,No_Match,,,unknown,supplied
A0377,206 BLOOMFIELD ST,Hoboken,NJ,10003,,,4C,5B-14U-H-BA,NJOGIS Parcels & MOD-IV Composite,2026-10-01T22:50Z,"Hoboken, NJ",census_batch,3432250,Hudson County,34017,07030,40.738998730944,-74.031363571985,Match:Non_Exact,14,14,use_code,supplied
A0378,4053 IDAHO ST,San Diego,CA,92104,,9,14,SANDAG asr_landuse 14-16 (5+ units),SANDAG/SanGIS parcels,2026-10-01T22:50Z,"San Diego, CA",census_batch,0666000,San Diego County,06073,92104,32.751323560417,-117.133775905803,Match:Exact,9,9,supplied,supplied
A0379,1336 BRUNNER ST,San Diego,CA,92110,,12,14,SANDAG asr_landuse 14-16 (5+ units),SANDAG/SanGIS parcels,2026-10-01T22:50Z,"San Diego, CA",census_batch,0666000,San Diego County,06073,92110,32.769172247535,-117.189895788824,Match:Exact,12,12,supplied,supplied
A0380,GREENVILLE ST,Roxbury,MA,02119,,,A/125,SUBSD HOUSING S- 8,Boston Property Assessment FY2026,2026-10-01T22:50Z,"Boston, MA",postal_fallback,,,,,,,No_Match,,,unknown,supplied
A0381,521-523 MARKET ST,Newark,NJ,07105,,,4C,3S.B.,NJOGIS Parcels & MOD-IV Composite,2026-10-01T22:50Z,"Newark, NJ",census_batch,3451000,Essex County,34013,07105,40.732015014036,-74.155856508272,Match:Non_Exact,5,,use_code,supplied
A0382,119 DAY ST,San Francisco,CA,,1964,10,A5,Apartment 5 to 14 Units,DataSF wv5m-vpq2 (2025 roll),2026-10-01T22:50Z,"San Francisco, CA",census_batch,0667000,San Francisco County,06075,94131,37.742927740317,-122.425132126354,Match:Exact,10,10,supplied,supplied
A0383,1908 CALIFORNIA ST,Berkeley,CA,94703,,,7700,Alameda County use code (5+ units),Alameda County parcels,2026-10-01T22:50Z,"Berkeley, CA",census_batch,0606000,Alameda County,06001,94703,37.872036512971,-122.280023113182,Match:Exact,5,,use_code,supplied
A0384,21 GUERRERO ST,San Francisco,CA,,1925,7,A5,Apartment 5 to 14 Units,DataSF wv5m-vpq2 (2025 roll),2026-10-01T22:50Z,"San Francisco, CA",postal_fallback,,,,,,,No_Match,7,7,supplied,supplied
A0385,1059 UNION ST,San Francisco,CA,,1986,16,A15,Apartment 15 Units or more,DataSF wv5m-vpq2 (2025 roll),2026-10-01T22:50Z,"San Francisco, CA",census_batch,0667000,San Francisco County,06075,94133,37.79947735291,-122.416408067433,Match:Exact,16,16,supplied,supplied
A0386,3654 ARIZONA ST,San Diego,CA,92104,,7,14,SANDAG asr_landuse 14-16 (5+ units),SANDAG/SanGIS parcels,2026-10-01T22:50Z,"San Diego, CA",census_batch,0666000,San Diego County,06073,92104,32.744723856404,-117.1379712012,Match:Exact,7,7,supplied,supplied
A0387,10303 CAMINITO ALVAREZ,San Diego,CA,92126,,152,16,SANDAG asr_landuse 14-16 (5+ units),SANDAG/SanGIS parcels,2026-10-01T22:50Z,"San Diego, CA",census_batch,0666000,San Diego County,06073,92126,32.9053438981,-117.169286391696,Match:Exact,152,152,supplied,supplied
A0388,157-155 CLERK ST.,Jersey City,NJ,07305,,,4C,3S-F-D-6U-H,NJOGIS Parcels & MOD-IV Composite,2026-10-01T22:50Z,"Jersey City, NJ",census_batch,3436000,Hudson County,34017,07305,40.708921674003,-74.075725799324,Match:Non_Exact,6,6,use_code,supplied
A0389,923 GARDEN ST,Hoboken,NJ,07068,,,4C,5B-10U-H-BA,NJOGIS Parcels & MOD-IV Composite,2026-10-01T22:50Z,"Hoboken, NJ",census_batch,3432250,Hudson County,34017,07030,40.747908908406,-74.029472700113,Match:Non_Exact,10,10,use_code,supplied
A0390,70 DARCY ST,Newark,NJ,07202,,,4C,3S.F.,NJOGIS Parcels & MOD-IV Composite,2026-10-01T22:50Z,"Newark, NJ",census_batch,3451000,Essex County,34013,07105,40.726005356196,-74.149929644264,Match:Non_Exact,5,,use_code,supplied
A0391,265 22ND ST,San Diego,CA,92102,,9,14,SANDAG asr_landuse 14-16 (5+ units),SANDAG/SanGIS parcels,2026-10-01T22:50Z,"San Diego, CA",census_batch,0666000,San Diego County,06073,92102,32.707989329138,-117.143904241304,Match:Exact,9,9,supplied,supplied
A0392,4545 N 39TH ST,San Diego,CA,92116,,7,14,SANDAG asr_landuse 14-16 (5+ units),SANDAG/SanGIS parcels,2026-10-01T22:50Z,"San Diego, CA",census_batch,0666000,San Diego County,06073,92116,32.759875365223,-117.110733157421,Match:Non_Exact,7,7,supplied,supplied
A0393,91 JORDAN AVE.,Jersey City,NJ,07081,,,4C,4S-BA-21U-H,NJOGIS Parcels & MOD-IV Composite,2026-10-01T22:50Z,"Jersey City, NJ",census_batch,3436000,Hudson County,34017,07306,40.72674257266,-74.064895908212,Match:Non_Exact,21,21,use_code,supplied
A0394,45 RAVINE AVE.,Jersey City,NJ,07302,1912,,4C,3S-B-A-13U-H,NJOGIS Parcels & MOD-IV Composite,2026-10-01T22:50Z,"Jersey City, NJ",census_batch,3436000,Hudson County,34017,07307,40.74028302667,-74.049129869145,Match:Non_Exact,13,13,use_code,supplied
A0395,1632 RUSSELL ST,Berkeley,CA,94703,,,7700,Alameda County use code (5+ units),Alameda County parcels,2026-10-01T22:50Z,"Berkeley, CA",census_batch,0606000,Alameda County,06001,94703,37.85541480374,-122.275797862561,Match:Exact,5,,use_code,supplied
A0396,3244 CLAIREMONT DR,San Diego,CA,92117,,6,14,SANDAG asr_landuse 14-16 (5+ units),SANDAG/SanGIS parcels,2026-10-01T22:50Z,"San Diego, CA",census_batch,0666000,San Diego County,06073,92117,32.800141615463,-117.195770657922,Match:Exact,6,6,supplied,supplied
A0397,1677 BUSH ST,San Francisco,CA,,1900,21,A15,Apartment 15 Units or more,DataSF wv5m-vpq2 (2025 roll),2026-10-01T22:50Z,"San Francisco, CA",census_batch,0667000,San Francisco County,06075,94109,37.788065631555,-122.424817163952,Match:Exact,21,21,supplied,supplied
A0398,890 GREEN ST,San Francisco,CA,,1908,5,TIC,TIC Bldg 4 units or less,DataSF wv5m-vpq2 (2025 roll),2026-10-01T22:50Z,"San Francisco, CA",census_batch,0667000,San Francisco County,06075,94133,37.798969157635,-122.413748040152,Match:Exact,5,5,supplied,supplied
A0399,227 WILLOW AVE,Hoboken,NJ,07643,,,4C,4B-9U,NJOGIS Parcels & MOD-IV Composite,2026-10-01T22:50Z,"Hoboken, NJ",census_batch,3432250,Hudson County,34017,07030,40.739690854009,-74.033923758593,Match:Non_Exact,9,9,use_code,supplied
A0400,174 MT PROSPECT AVE,Newark,NJ,07107,,,4C,3SB,NJOGIS Parcels & MOD-IV Composite,2026-10-01T22:50Z,"Newark, NJ",census_oneline,3451000,Essex County,34013,07104,40.757731471944,-74.17546726324,Match:oneline,5,,use_code,supplied
A0401,257 14TH ST,San Francisco,CA,,1908,6,A5,Apartment 5 to 14 Units,DataSF wv5m-vpq2 (2025 roll),2026-10-01T22:50Z,"San Francisco, CA",census_batch,0667000,San Francisco County,06075,94103,37.768275245554,-122.419001453676,Match:Exact,6,6,supplied,supplied
A0402,2914 LARKIN ST,San Francisco,CA,,1900,5,F5,Flats 5 to 14 units,DataSF wv5m-vpq2 (2025 roll),2026-10-01T22:50Z,"San Francisco, CA",census_batch,0667000,San Francisco County,06075,94109,37.804747750317,-122.421779262494,Match:Exact,5,5,supplied,supplied
A0403,45 Myrtle ST,Boston,MA,02114,1899,,A/125,SUBSD HOUSING S- 8,Boston Property Assessment FY2026,2026-10-01T22:50Z,"Boston, MA",census_batch,2507000,Suffolk County,25025,02114,42.359416672345,-71.066075463637,Match:Exact,,,unknown,supplied
A0404,240 BOWERS ST.,Jersey City,NJ,07603,1900,,4C,3S-F-D-8U-H,NJOGIS Parcels & MOD-IV Composite,2026-10-01T22:50Z,"Jersey City, NJ",census_batch,3436000,Hudson County,34017,07307,40.749176716976,-74.053172054328,Match:Non_Exact,8,8,use_code,supplied
A0405,10214 FERNGLEN AVE,Los Angeles,CA,91042,2008,6,0500,Five or more apartments,LA County eGIS parcels,2026-10-01T22:50Z,"Los Angeles, CA",census_batch,0644000,Los Angeles County,06037,91042,34.254405539147,-118.294269681844,Match:Non_Exact,6,6,supplied,supplied
A0406,170 W Springfield ST,Boston,MA,02118,1899,,A/125,SUBSD HOUSING S- 8,Boston Property Assessment FY2026,2026-10-01T22:50Z,"Boston, MA",census_batch,2507000,Suffolk County,25025,02118,42.339468331482,-71.079433474181,Match:Exact,,,unknown,supplied
A0407,4188 GREENBUSH AVE,Los Angeles,CA,91423,1964,10,0500,Five or more apartments,LA County eGIS parcels,2026-10-01T22:50Z,"Los Angeles, CA",census_batch,0644000,Los Angeles County,06037,91423,34.146796782796,-118.426009923389,Match:Non_Exact,10,10,supplied,supplied
A0408,14375 POLK ST,Los Angeles,CA,91342,1964,23,0500,Five or more apartments,LA County eGIS parcels,2026-10-01T22:50Z,"Los Angeles, CA",census_batch,0644000,Los Angeles County,06037,91342,34.310760350581,-118.446247129705,Match:Non_Exact,23,23,supplied,supplied
A0409,4428 GRESHAM ST,San Diego,CA,92109,,5,14,SANDAG asr_landuse 14-16 (5+ units),SANDAG/SanGIS parcels,2026-10-01T22:50Z,"San Diego, CA",census_batch,0666000,San Diego County,06073,92109,32.79763108496,-117.244179056101,Match:Exact,5,5,supplied,supplied
A0410,319 SUMMIT AVE.,Jersey City,NJ,07306,1920,,4C,4-S-BT-21U-H,NJOGIS Parcels & MOD-IV Composite,2026-10-01T22:50Z,"Jersey City, NJ",census_batch,3436000,Hudson County,34017,07306,40.726387646101,-74.064026798734,Match:Exact,21,21,use_code,supplied
A0411,1833 BERKELEY WAY,Berkeley,CA,94703,,,7200,Alameda County use code (5+ units),Alameda County parcels,2026-10-01T22:50Z,"Berkeley, CA",census_batch,0606000,Alameda County,06001,94703,37.87232876757,-122.27465308516,Match:Exact,5,,use_code,supplied
A0412,229-231 GRAFTON AVE,Newark,NJ,07003,,,4C,3SF,NJOGIS Parcels & MOD-IV Composite,2026-10-01T22:50Z,"Newark, NJ",census_batch,3451000,Essex County,34013,07104,40.778250739849,-74.167287967397,Match:Non_Exact,5,,use_code,supplied
A0413,2209 GRAND AVE,San Diego,CA,92109,,8,14,SANDAG asr_landuse 14-16 (5+ units),SANDAG/SanGIS parcels,2026-10-01T22:50Z,"San Diego, CA",census_batch,0666000,San Diego County,06073,92109,32.800271149641,-117.229073590912,Match:Exact,8,8,supplied,supplied
A0414,1987 CALIFORNIA ST,San Francisco,CA,,1922,9,A5,Apartment 5 to 14 Units,DataSF wv5m-vpq2 (2025 roll),2026-10-01T22:50Z,"San Francisco, CA",census_batch,0667000,San Francisco County,06075,94109,37.789718887946,-122.426993113372,Match:Exact,9,9,supplied,supplied
A0415,95 WAYNE ST.,Jersey City,NJ,07302,,,4C,4S-B-A-46U-H,NJOGIS Parcels & MOD-IV Composite,2026-10-01T22:50Z,"Jersey City, NJ",census_batch,3436000,Hudson County,34017,07302,40.719860194431,-74.046863038788,Match:Exact,46,46,use_code,supplied
A0416,882 PAVONIA AVE.,Jersey City,NJ,10281,,,4C,5S-BT-B-C-21U-H,NJOGIS Parcels & MOD-IV Composite,2026-10-01T22:50Z,"Jersey City, NJ",census_batch,3436000,Hudson County,34017,07306,40.734106488592,-74.069855824873,Match:Non_Exact,21,21,use_code,supplied
A0417,4957 CAHUENGA BLVD,Los Angeles,CA,91601,,5,0500,Five or more apartments,LA County eGIS parcels,2026-10-01T22:50Z,"Los Angeles, CA",census_batch,0644000,Los Angeles County,06037,91601,34.160498077424,-118.361590637042,Match:Non_Exact,5,5,supplied,supplied
A0418,221 SIP AVE.,Jersey City,NJ,07009,,,4C,3S-FD-12U-H,NJOGIS Parcels & MOD-IV Composite,2026-10-01T22:50Z,"Jersey City, NJ",census_batch,3436000,Hudson County,34017,07306,40.731794725913,-74.070139397713,Match:Non_Exact,12,12,use_code,supplied
A0419,1538 HENRY ST,Berkeley,CA,94709,,,7700,Alameda County use code (5+ units),Alameda County parcels,2026-10-01T22:50Z,"Berkeley, CA",census_batch,0606000,Alameda County,06001,94709,37.879313015271,-122.2705189327,Match:Exact,5,,use_code,supplied
A0420,4419 CLEVELAND AVE,San Diego,CA,92116,,10,14,SANDAG asr_landuse 14-16 (5+ units),SANDAG/SanGIS parcels,2026-10-01T22:50Z,"San Diego, CA",census_batch,0666000,San Diego County,06073,92116,32.757581273133,-117.149951913385,Match:Exact,10,10,supplied,supplied
A0421,17106 CHATSWORTH ST   APT 0001,Los Angeles,CA,91344,1964,6,0500,Five or more apartments,LA County eGIS parcels,2026-10-01T22:50Z,"Los Angeles, CA",census_batch,0644000,Los Angeles County,06037,91344,34.264737200693,-118.505814381942,Match:Non_Exact,6,6,supplied,supplied
A0422,21-23 Marion St,Cambridge,MA,,1900,6,111,4-8-UNIT-APT,Cambridge Property Database FY2026 (waa7-ibdu),2026-10-01T22:50Z,"Cambridge, MA",census_batch,2511000,Middlesex County,25017,02141,42.372408944103,-71.088992232886,Match:Non_Exact,6,6,supplied,supplied
A0423,10 CAMELOT CT,Brighton,MA,02135,1965,,A/112,APT 7-30 UNITS,Boston Property Assessment FY2026,2026-10-01T22:50Z,"Boston, MA",census_batch,2507000,Suffolk County,25025,02135,42.349362810146,-71.141330315148,Match:Exact,7,30,use_code,supplied
A0424,208 JEFFERSON ST,Hoboken,NJ,07030,,,4C,4F-8U,NJOGIS Parcels & MOD-IV Composite,2026-10-01T22:50Z,"Hoboken, NJ",census_batch,3432250,Hudson County,34017,07030,40.740157173654,-74.037883549718,Match:Exact,8,8,use_code,supplied
A0425,650 POST ST,San Francisco,CA,,1916,23,A15,Apartment 15 Units or more,DataSF wv5m-vpq2 (2025 roll),2026-10-01T22:50Z,"San Francisco, CA",census_batch,0667000,San Francisco County,06075,94109,37.787814500247,-122.412614041685,Match:Exact,23,23,supplied,supplied
A0426,1307 COLUSA ST,San Diego,CA,92110,,12,14,SANDAG asr_landuse 14-16 (5+ units),SANDAG/SanGIS parcels,2026-10-01T22:50Z,"San Diego, CA",census_batch,0666000,San Diego County,06073,92110,32.768532440161,-117.190773729749,Match:Exact,12,12,supplied,supplied
A0427,7665 FOUNTAIN AVE,Los Angeles,CA,90046,1986,15,0500,Five or more apartments,LA County eGIS parcels,2026-10-01T22:50Z,"Los Angeles, CA",census_batch,0644000,Los Angeles County,06037,90046,34.094477803207,-118.356732566622,Match:Non_Exact,15,15,supplied,supplied
A0428,312-314 MT PROSPECT AVE,Newark,NJ,07109,,,4C,Apartments (class 4C),NJOGIS Parcels & MOD-IV Composite,2026-10-01T22:50Z,"Newark, NJ",census_oneline,3451000,Essex County,34013,07104,40.762317125202,-74.172382340313,Match:oneline,5,,use_code,supplied
A0429,12 BLACKWOOD ST,Boston,MA,02115,1899,,A/112,APT 7-30 UNITS,Boston Property Assessment FY2026,2026-10-01T22:50Z,"Boston, MA",census_batch,2507000,Suffolk County,25025,02115,42.34315888883,-71.082683836307,Match:Exact,7,30,use_code,supplied
A0430,1950 ADDISON ST,Berkeley,CA,94704,,,7800,Alameda County use code (5+ units),Alameda County parcels,2026-10-01T22:50Z,"Berkeley, CA",census_batch,0606000,Alameda County,06001,94704,37.870562012406,-122.272637519825,Match:Exact,5,,use_code,supplied
A0431,245 EUCLID AVE,San Diego,CA,92114,,5,14,SANDAG asr_landuse 14-16 (5+ units),SANDAG/SanGIS parcels,2026-10-01T22:50Z,"San Diego, CA",census_batch,0666000,San Diego County,06073,92114,32.706728960145,-117.084936538347,Match:Exact,5,5,supplied,supplied
A0432,14605 RAYEN ST,Los Angeles,CA,91402,1978,23,0500,Five or more apartments,LA County eGIS parcels,2026-10-01T22:50Z,"Los Angeles, CA",census_batch,0644000,Los Angeles County,06037,91402,34.231842925425,-118.450479396041,Match:Non_Exact,23,23,supplied,supplied
A0433,720 W 27TH ST,Los Angeles,CA,90007,1964,58,0501,Five or more apartments,LA County eGIS parcels,2026-10-01T22:50Z,"Los Angeles, CA",census_batch,0644000,Los Angeles County,06037,90007,34.028044141305,-118.278944633921,Match:Exact,58,58,supplied,supplied
A0434,1225 HYDE ST,San Francisco,CA,,1913,8,A5,Apartment 5 to 14 Units,DataSF wv5m-vpq2 (2025 roll),2026-10-01T22:50Z,"San Francisco, CA",census_batch,0667000,San Francisco County,06075,94109,37.792202707791,-122.417712027591,Match:Exact,8,8,supplied,supplied
A0435,310 MONROE ST,Hoboken,NJ,07632,,,4C,4B-8U-H,NJOGIS Parcels & MOD-IV Composite,2026-10-01T22:50Z,"Hoboken, NJ",census_batch,3432250,Hudson County,34017,07030,40.741775604922,-74.039361820557,Match:Non_Exact,8,8,use_code,supplied
A0436,832 WILLOW AVE,Hoboken,NJ,07030,,,4C,5B-6B-25U-H-BA,NJOGIS Parcels & MOD-IV Composite,2026-10-01T22:50Z,"Hoboken, NJ",census_batch,3432250,Hudson County,34017,07030,40.747085607112,-74.031844915269,Match:Exact,25,25,use_code,supplied
A0437,2969 SAN MARINO ST,Los Angeles,CA,90006,2004,20,0500,Five or more apartments,LA County eGIS parcels,2026-10-01T22:50Z,"Los Angeles, CA",census_batch,0644000,Los Angeles County,06037,90006,34.05457350989,-118.293871486247,Match:Exact,20,20,supplied,supplied
A0438,60-62 CAMBRIDGE AVE,Jersey City,NJ,07430,,,4C,3S-F-A-12U-H,NJOGIS Parcels & MOD-IV Composite,2026-10-01T22:50Z,"Jersey City, NJ",census_batch,3436000,Hudson County,34017,07307,40.744904276955,-74.048682819823,Match:Non_Exact,12,12,use_code,supplied
A0439,225 25TH AV,San Francisco,CA,,1988,7,A5,Apartment 5 to 14 Units,DataSF wv5m-vpq2 (2025 roll),2026-10-01T22:50Z,"San Francisco, CA",census_batch,0667000,San Francisco County,06075,94121,37.78525700396,-122.485184671551,Match:Exact,7,7,supplied,supplied
A0440,4042 FULTON ST,San Francisco,CA,,1921,5,A5,Apartment 5 to 14 Units,DataSF wv5m-vpq2 (2025 roll),2026-10-01T22:50Z,"San Francisco, CA",census_batch,0667000,San Francisco County,06075,94118,37.773046725887,-122.47502114247,Match:Exact,5,5,supplied,supplied
A0441,4017 ILLINOIS ST,San Diego,CA,92104,,6,14,SANDAG asr_landuse 14-16 (5+ units),SANDAG/SanGIS parcels,2026-10-01T22:50Z,"San Diego, CA",census_batch,0666000,San Diego County,06073,92104,32.750692356257,-117.127623761555,Match:Exact,6,6,supplied,supplied
A0442,7014 LANEWOOD AVE,Los Angeles,CA,90028,1986,18,0500,Five or more apartments,LA County eGIS parcels,2026-10-01T22:50Z,"Los Angeles, CA",census_batch,0644000,Los Angeles County,06037,90028,34.099151448276,-118.341876805569,Match:Exact,18,18,supplied,supplied
A0443,3526 FAIRMOUNT AVE,San Diego,CA,92105,,16,15,SANDAG asr_landuse 14-16 (5+ units),SANDAG/SanGIS parcels,2026-10-01T22:50Z,"San Diego, CA",census_batch,0666000,San Diego County,06073,92105,32.742658851729,-117.101032546312,Match:Exact,16,16,supplied,supplied
A0444,231 COMMONWEALTH AV,Boston,MA,02116,1899,,A/112,APT 7-30 UNITS,Boston Property Assessment FY2026,2026-10-01T22:50Z,"Boston, MA",census_batch,2507000,Suffolk County,25025,02116,42.351030509952,-71.082259034359,Match:Exact,7,30,use_code,supplied
A0445,8790 VAN NUYS BLVD,Los Angeles,CA,91402,1977,25,0500,Five or more apartments,LA County eGIS parcels,2026-10-01T22:50Z,"Los Angeles, CA",census_batch,0644000,Los Angeles County,06037,91402,34.229751001698,-118.450185423298,Match:Non_Exact,25,25,supplied,supplied
A0446,610 COLUMBUS AV,Boston,MA,02118,1899,,A/112,APT 7-30 UNITS,Boston Property Assessment FY2026,2026-10-01T22:50Z,"Boston, MA",census_batch,2507000,Suffolk County,25025,02118,42.339112790328,-71.083459763098,Match:Exact,7,30,use_code,supplied
A0447,208 CLINTON ST,Hoboken,NJ,07030,,,4C,5B-35U-G,NJOGIS Parcels & MOD-IV Composite,2026-10-01T22:50Z,"Hoboken, NJ",census_batch,3432250,Hudson County,34017,07030,40.73966668696,-74.035067789528,Match:Exact,35,35,use_code,supplied
A0448,151-153 LAFAYETTE ST,Newark,NJ,07105,,,4C,3SB,NJOGIS Parcels & MOD-IV Composite,2026-10-01T22:50Z,"Newark, NJ",census_batch,3451000,Essex County,34013,07105,40.730765527611,-74.16637215896,Match:Non_Exact,5,,use_code,supplied
A0449,338 CLINTON PL,Newark,NJ,08701,,,4C,3SB,NJOGIS Parcels & MOD-IV Composite,2026-10-01T22:50Z,"Newark, NJ",census_batch,3451000,Essex County,34013,07112,40.712312782686,-74.215190276398,Match:Non_Exact,5,,use_code,supplied
A0450,94 NEPTUNE AVE.,Jersey City,NJ,11211,,,4C,3S-F-D-6U-NH,NJOGIS Parcels & MOD-IV Composite,2026-10-01T22:50Z,"Jersey City, NJ",census_batch,3436000,Hudson County,34017,07305,40.691942000511,-74.094734510649,Match:Non_Exact,6,6,use_code,supplied
A0451,7300 VALMONT ST,Los Angeles,CA,91042,1989,8,0500,Five or more apartments,LA County eGIS parcels,2026-10-01T22:50Z,"Los Angeles, CA",census_batch,0644000,Los Angeles County,06037,91042,34.252257110602,-118.291114794412,Match:Non_Exact,8,8,supplied,supplied
A0452,1310 N LAS PALMAS AVE,Los Angeles,CA,90028,1952,8,0500,Five or more apartments,LA County eGIS parcels,2026-10-01T22:50Z,"Los Angeles, CA",census_batch,0644000,Los Angeles County,06037,90028,34.094610686343,-118.336242443207,Match:Exact,8,8,supplied,supplied
A0453,11 Carlisle St,Cambridge,MA,,1910,6,111,4-8-UNIT-APT,Cambridge Property Database FY2026 (waa7-ibdu),2026-10-01T22:50Z,"Cambridge, MA",census_batch,2511000,Middlesex County,25017,02139,42.372350092405,-71.097785158487,Match:Exact,6,6,supplied,supplied
A0454,8944 COLUMBUS AVE,Los Angeles,CA,91343,1959,6,0500,Five or more apartments,LA County eGIS parcels,2026-10-01T22:50Z,"Los Angeles, CA",census_batch,0644000,Los Angeles County,06037,91343,34.232706363083,-118.465331558771,Match:Non_Exact,6,6,supplied,supplied
A0455,78 STEVENS AVE.,Jersey City,NJ,07108,,,4C,4S-B-A-17U-H,NJOGIS Parcels & MOD-IV Composite,2026-10-01T22:50Z,"Jersey City, NJ",census_batch,3436000,Hudson County,34017,07305,40.701284285212,-74.087633111396,Match:Non_Exact,17,17,use_code,supplied
A0456,2151 CHATSWORTH BLVD,San Diego,CA,92107,,17,15,SANDAG asr_landuse 14-16 (5+ units),SANDAG/SanGIS parcels,2026-10-01T22:50Z,"San Diego, CA",census_batch,0666000,San Diego County,06073,92107,32.738822467011,-117.228546774402,Match:Exact,17,17,supplied,supplied
A0457,1856 GREEN ST,San Francisco,CA,,1906,5,A5,Apartment 5 to 14 Units,DataSF wv5m-vpq2 (2025 roll),2026-10-01T22:50Z,"San Francisco, CA",census_batch,0667000,San Francisco County,06075,94123,37.796928164046,-122.429684738163,Match:Exact,5,5,supplied,supplied
A0458,1670 E 48TH PL,Los Angeles,CA,90011,1963,6,0500,Five or more apartments,LA County eGIS parcels,2026-10-01T22:50Z,"Los Angeles, CA",census_batch,0644000,Los Angeles County,06037,90011,33.999307703621,-118.243996855675,Match:Exact,6,6,supplied,supplied
A0459,202 SOUTH ST.,Jersey City,NJ,07423,1915,,4C,3S-F-7U,NJOGIS Parcels & MOD-IV Composite,2026-10-01T22:50Z,"Jersey City, NJ",census_batch,3436000,Hudson County,34017,07307,40.750737802252,-74.051069939161,Match:Non_Exact,7,7,use_code,supplied
A0460,223-229 SHEPHARD AVE,Newark,NJ,11204,,,4C,3SB,NJOGIS Parcels & MOD-IV Composite,2026-10-01T22:50Z,"Newark, NJ",census_batch,3451000,Essex County,34013,07112,40.712390393489,-74.211611863532,Match:Non_Exact,5,,use_code,supplied
A0461,735 11TH AV,San Francisco,CA,,1923,5,A5,Apartment 5 to 14 Units,DataSF wv5m-vpq2 (2025 roll),2026-10-01T22:50Z,"San Francisco, CA",census_batch,0667000,San Francisco County,06075,94118,37.774456141897,-122.469251256406,Match:Exact,5,5,supplied,supplied
A0462,128 ST. PAULS AVE.,Jersey City,NJ,11211,1890,,4C,3S-F-D-6U,NJOGIS Parcels & MOD-IV Composite,2026-10-01T22:50Z,"Jersey City, NJ",census_batch,3436000,Hudson County,34017,07306,40.736518619808,-74.05676729519,Match:Non_Exact,6,6,use_code,supplied
A0463,4 BEECHWOOD ST,Dorchester,MA,02121,2007,,A/125,SUBSD HOUSING S- 8,Boston Property Assessment FY2026,2026-10-01T22:50Z,"Boston, MA",census_batch,2507000,Suffolk County,25025,02121,42.30507257807,-71.074772762892,Match:Exact,,,unknown,supplied
A0464,2-98 DABNEY ST,Roxbury,MA,02119,1966,,A/125,SUBSD HOUSING S- 8,Boston Property Assessment FY2026,2026-10-01T22:50Z,"Boston, MA",census_batch,2507000,Suffolk County,25025,02119,42.324057161703,-71.084731974369,Match:Non_Exact,,,unknown,supplied
A0465,141 Oxford St,Cambridge,MA,,1915,8,111,4-8-UNIT-APT,Cambridge Property Database FY2026 (waa7-ibdu),2026-10-01T22:50Z,"Cambridge, MA",census_batch,2511000,Middlesex County,25017,02140,42.385287646163,-71.116210705332,Match:Exact,8,8,supplied,supplied
A0466,115 NORWAY ST,Boston,MA,02115,1920,,A/112,APT 7-30 UNITS,Boston Property Assessment FY2026,2026-10-01T22:50Z,"Boston, MA",census_batch,2507000,Suffolk County,25025,02115,42.345351761852,-71.088829313111,Match:Exact,7,30,use_code,supplied
A0467,24 ST ALBANS RD,Boston,MA,02115,1923,,A/125,SUBSD HOUSING S- 8,Boston Property Assessment FY2026,2026-10-01T22:50Z,"Boston, MA",census_batch,2507000,Suffolk County,25025,02115,42.333878417918,-71.106997184859,Match:Exact,,,unknown,supplied
A0468,13 Shepard St,Cambridge,MA,,1910,6,111,4-8-UNIT-APT,Cambridge Property Database FY2026 (waa7-ibdu),2026-10-01T22:50Z,"Cambridge, MA",census_batch,2511000,Middlesex County,25017,02138,42.381661514871,-71.121015754447,Match:Exact,6,6,supplied,supplied
A0469,2701 SHATTUCK AVE,Berkeley,CA,94705,,,7700,Alameda County use code (5+ units),Alameda County parcels,2026-10-01T22:50Z,"Berkeley, CA",census_batch,0606000,Alameda County,06001,94705,37.860021095027,-122.266948509568,Match:Exact,5,,use_code,supplied
A0470,1919 CURTIS ST,Berkeley,CA,94702,,,7700,Alameda County use code (5+ units),Alameda County parcels,2026-10-01T22:50Z,"Berkeley, CA",census_batch,0606000,Alameda County,06001,94702,37.870650504933,-122.289620577483,Match:Exact,5,,use_code,supplied
A0471,332-334 GARDEN ST,Hoboken,NJ,07604,,,4C,4 1/2B-10U-BA,NJOGIS Parcels & MOD-IV Composite,2026-10-01T22:50Z,"Hoboken, NJ",census_batch,3432250,Hudson County,34017,07030,40.74074767044,-74.031817207369,Match:Non_Exact,10,10,use_code,supplied
A0472,321 WILLOW AVE,Hoboken,NJ,07030,,,4C,5B-12U-BA,NJOGIS Parcels & MOD-IV Composite,2026-10-01T22:50Z,"Hoboken, NJ",census_batch,3432250,Hudson County,34017,07030,40.740882326316,-74.033572724402,Match:Exact,12,12,use_code,supplied
A0473,20 Phillips ST,Boston,MA,02114,1899,,A/112,APT 7-30 UNITS,Boston Property Assessment FY2026,2026-10-01T22:50Z,"Boston, MA",census_batch,2507000,Suffolk County,25025,02114,42.360298905905,-71.067296757754,Match:Exact,7,30,use_code,supplied
A0474,3438 MCKINLEY AVE,Los Angeles,CA,90011,1928,8,0500,Five or more apartments,LA County eGIS parcels,2026-10-01T22:50Z,"Los Angeles, CA",census_batch,0644000,Los Angeles County,06037,90011,34.012650923784,-118.260382953065,Match:Exact,8,8,supplied,supplied
A0475,361 FIRST ST,Hoboken,NJ,07030,,,4C,4B-7U-H,NJOGIS Parcels & MOD-IV Composite,2026-10-01T22:50Z,"Hoboken, NJ",census_batch,3432250,Hudson County,34017,07030,40.73824152843,-74.035828506414,Match:Exact,7,7,use_code,supplied
A0476,26-28 COTTAGE ST,Newark,NJ,07840,,,4C,2SF2UG,NJOGIS Parcels & MOD-IV Composite,2026-10-01T22:50Z,"Newark, NJ",census_batch,3451000,Essex County,34013,07102,40.728822422354,-74.171964638319,Match:Non_Exact,5,,use_code,supplied
A0477,2250 MISSION ST,San Francisco,CA,,1975,19,A15,Apartment 15 Units or more,DataSF wv5m-vpq2 (2025 roll),2026-10-01T22:50Z,"San Francisco, CA",census_batch,0667000,San Francisco County,06075,94110,37.761016013708,-122.419353294864,Match:Exact,19,19,supplied,supplied
A0478,3860 CHEROKEE AVE,San Diego,CA,92104,,9,14,SANDAG asr_landuse 14-16 (5+ units),SANDAG/SanGIS parcels,2026-10-01T22:50Z,"San Diego, CA",census_batch,0666000,San Diego County,06073,92104,32.748446614415,-117.114420057856,Match:Exact,9,9,supplied,supplied
A0479,12948 MOORPARK ST,Los Angeles,CA,91604,1990,8,0500,Five or more apartments,LA County eGIS parcels,2026-10-01T22:50Z,"Los Angeles, CA",census_batch,0644000,Los Angeles County,06037,91604,34.150301392175,-118.415275590675,Match:Non_Exact,8,8,supplied,supplied
A0480,4046 N 43RD ST,San Diego,CA,92105,,11,14,SANDAG asr_landuse 14-16 (5+ units),SANDAG/SanGIS parcels,2026-10-01T22:50Z,"San Diego, CA",census_batch,0666000,San Diego County,06073,92105,32.750481775488,-117.102033252477,Match:Non_Exact,11,11,supplied,supplied
A0481,536 LEAVENWORTH ST,San Francisco,CA,,1925,63,A15,Apartment 15 Units or more,DataSF wv5m-vpq2 (2025 roll),2026-10-01T22:50Z,"San Francisco, CA",census_batch,0667000,San Francisco County,06075,94109,37.786028326648,-122.414634028725,Match:Exact,63,63,supplied,supplied
A0482,101 CLIFTON PL.,Jersey City,NJ,10982,,,4C,4S-B-A-25U-H,NJOGIS Parcels & MOD-IV Composite,2026-10-01T22:50Z,"Jersey City, NJ",census_batch,3436000,Hudson County,34017,07304,40.721027897402,-74.06487503221,Match:Non_Exact,25,25,use_code,supplied
A0483,1580 MARKET ST,San Francisco,CA,,1917,72,A15,Apartment 15 Units or more,DataSF wv5m-vpq2 (2025 roll),2026-10-01T22:50Z,"San Francisco, CA",census_batch,0667000,San Francisco County,06075,94102,37.774588554781,-122.420119239496,Match:Exact,72,72,supplied,supplied
A0484,1801 08TH AV,San Francisco,CA,,1948,5,A5,Apartment 5 to 14 Units,DataSF wv5m-vpq2 (2025 roll),2026-10-01T22:50Z,"San Francisco, CA",census_oneline,0667000,San Francisco County,06075,94122,37.754690646826,-122.464658373009,Match:oneline,5,5,supplied,supplied
A0485,296-302 Western Ave,Cambridge,MA,,1920,6,111,4-8-UNIT-APT,Cambridge Property Database FY2026 (waa7-ibdu),2026-10-01T22:50Z,"Cambridge, MA",census_batch,2511000,Middlesex County,25017,02139,42.364518126675,-71.112809787533,Match:Non_Exact,6,6,supplied,supplied
A0486,2280 MISSION ST,San Francisco,CA,,1910,9,A5,Apartment 5 to 14 Units,DataSF wv5m-vpq2 (2025 roll),2026-10-01T22:50Z,"San Francisco, CA",census_batch,0667000,San Francisco County,06075,94110,37.760560895514,-122.419309809634,Match:Exact,9,9,supplied,supplied
A0487,2118 FILLMORE ST,San Francisco,CA,,1900,11,A5,Apartment 5 to 14 Units,DataSF wv5m-vpq2 (2025 roll),2026-10-01T22:50Z,"San Francisco, CA",census_batch,0667000,San Francisco County,06075,94115,37.789124926129,-122.433810595937,Match:Exact,11,11,supplied,supplied
A0488,197 BEACON ST,Boston,MA,02116,1900,,A/112,APT 7-30 UNITS,Boston Property Assessment FY2026,2026-10-01T22:50Z,"Boston, MA",census_batch,2507000,Suffolk County,25025,02116,42.354230756113,-71.076768182377,Match:Exact,7,30,use_code,supplied
A0489,204 GRAND ST,Hoboken,NJ,06901,2000,,4C,6B-30U-G,NJOGIS Parcels & MOD-IV Composite,2026-10-01T22:50Z,"Hoboken, NJ",census_batch,3432250,Hudson County,34017,07030,40.739786868515,-74.036041272823,Match:Non_Exact,30,30,use_code,supplied
A0490,526 ADAMS ST,Hoboken,NJ,07030,,,4C,4F-8U-C/3F-2U,NJOGIS Parcels & MOD-IV Composite,2026-10-01T22:50Z,"Hoboken, NJ",census_batch,3432250,Hudson County,34017,07030,40.743676400471,-74.035830171347,Match:Exact,8,8,use_code,supplied
A0491,37 IRVING ST,Newark,NJ,07104,,,4C,3SF,NJOGIS Parcels & MOD-IV Composite,2026-10-01T22:50Z,"Newark, NJ",census_batch,3451000,Essex County,34013,07104,40.778727063623,-74.158667478138,Match:Exact,5,,use_code,supplied
A0492,800 S HARVARD BLVD,Los Angeles,CA,90005,2019,131,0551,Five or more apartments,LA County eGIS parcels,2026-10-01T22:50Z,"Los Angeles, CA",census_batch,0644000,Los Angeles County,06037,90005,34.057623861111,-118.304091662787,Match:Exact,131,131,supplied,supplied
A0493,4450 GEARY BL,San Francisco,CA,,1916,10,A5,Apartment 5 to 14 Units,DataSF wv5m-vpq2 (2025 roll),2026-10-01T22:50Z,"San Francisco, CA",census_batch,0667000,San Francisco County,06075,94118,37.781029854011,-122.466976349979,Match:Exact,10,10,supplied,supplied
A0494,2641 FRANKLIN ST,San Francisco,CA,,1923,6,A5,Apartment 5 to 14 Units,DataSF wv5m-vpq2 (2025 roll),2026-10-01T22:50Z,"San Francisco, CA",census_batch,0667000,San Francisco County,06075,94123,37.798725772954,-122.425776460433,Match:Exact,6,6,supplied,supplied
A0495,230 VAN HORNE ST.,Jersey City,NJ,11219,1895,,4C,3S-B-D-6U-NH,NJOGIS Parcels & MOD-IV Composite,2026-10-01T22:50Z,"Jersey City, NJ",census_batch,3436000,Hudson County,34017,07304,40.713022199008,-74.063078920845,Match:Non_Exact,6,6,use_code,supplied
A0496,512 32ND ST,San Diego,CA,92102,,8,14,SANDAG asr_landuse 14-16 (5+ units),SANDAG/SanGIS parcels,2026-10-01T22:50Z,"San Diego, CA",census_batch,0666000,San Diego County,06073,92102,32.710782090084,-117.125336741291,Match:Exact,8,8,supplied,supplied
A0497,3750 29TH ST,San Diego,CA,92104,,5,14,SANDAG asr_landuse 14-16 (5+ units),SANDAG/SanGIS parcels,2026-10-01T22:50Z,"San Diego, CA",census_batch,0666000,San Diego County,06073,92104,32.74637529596,-117.131053086987,Match:Exact,5,5,supplied,supplied
A0498,684-686 SUMMER AVE,Newark,NJ,07644,,,4C,3SB,NJOGIS Parcels & MOD-IV Composite,2026-10-01T22:50Z,"Newark, NJ",census_batch,3451000,Essex County,34013,07104,40.775387981092,-74.163386701052,Match:Non_Exact,5,,use_code,supplied
A0499,8519 WILLIS AVE,Los Angeles,CA,91402,1962,33,0501,Five or more apartments,LA County eGIS parcels,2026-10-01T22:50Z,"Los Angeles, CA",census_batch,0644000,Los Angeles County,06037,91402,34.225076986186,-118.455356959313,Match:Non_Exact,33,33,supplied,supplied
A0500,8811 BURNET AVE,Los Angeles,CA,91343,1954,36,0500,Five or more apartments,LA County eGIS parcels,2026-10-01T22:50Z,"Los Angeles, CA",census_batch,0644000,Los Angeles County,06037,91343,34.230253637086,-118.463342888059,Match:Non_Exact,36,36,supplied,supplied
